time,cadence,heartrate,distance,altitude,lat,lng,velocity,fixed_altitude
0,0,84,1.3,,45.516983,-73.527374,,11
1,0,84,1.3,,45.516983,-73.527374,0,11
2,0,84,3.1,,45.516987,-73.52735,0.9,11
3,0,85,5.2,,45.517,-73.52733,1.3,11
4,0,86,7.1,,45.51701,-73.5273,1.45,11
5,43,86,9.7,,45.517033,-73.527275,1.68,11
6,64,87,12.7,,45.51705,-73.52725,3,11
7,80,90,15.6,,45.51707,-73.52723,2.9,11
8,83,95,18.8,,45.51709,-73.52719,3.2,11
9,85,98,22.3,,45.5171,-73.52715,3.5,11
10,85,98,25.7,,45.517113,-73.527115,3.4,11
11,85,98,29.8,,45.51712,-73.52708,4.1,11
12,85,98,33.8,,45.51713,-73.52703,4,11
13,85,97,37.8,,45.51714,-73.526985,4,11
14,85,97,41.5,,45.517143,-73.52695,3.7,10
15,85,97,44.8,,45.51715,-73.52691,3.3,10
16,85,99,48.3,,45.51716,-73.52686,3.5,10
17,85,102,51.9,,45.51717,-73.526825,3.6,10
18,85,103,55.5,,45.517178,-73.52678,3.6,10
19,85,105,59,,45.51718,-73.52674,3.5,10
20,85,105,62.2,,45.51719,-73.5267,3.2,10
21,85,106,65.4,,45.5172,-73.52666,3.2,10
22,87,106,68.7,,45.51721,-73.52662,3.3,10
23,86,106,72.1,,45.517223,-73.52657,3.4,10
24,86,107,75.7,,45.51723,-73.52653,3.6,10
25,86,107,79.4,,45.51724,-73.52648,3.7,10
26,86,107,83,,45.517242,-73.52644,3.6,10
27,86,107,86.4,,45.517246,-73.5264,3.4,10
28,86,108,90.1,,45.517254,-73.52635,3.7,10
29,86,109,93.8,,45.51726,-73.526306,3.7,10
30,86,109,97.6,,45.517265,-73.52626,3.8,10
31,86,109,101.1,,45.517277,-73.526215,3.5,10
32,86,112,104.8,,45.51729,-73.52617,3.7,10
33,86,119,108.5,6,45.517296,-73.52612,3.7,10
34,86,119,112.1,6,45.517303,-73.526085,3.6,10
35,86,119,115.7,6,45.517307,-73.52604,3.6,10
36,86,121,119.3,6,45.517315,-73.52599,3.6,9
37,86,122,122.8,6,45.517315,-73.525955,3.5,9
38,86,122,126.3,6,45.51731,-73.5259,3.5,9
39,86,122,130.1,6.2,45.51731,-73.52586,3.8,9
40,86,122,133.4,6.2,45.51731,-73.52582,3.3,9
41,86,123,136.5,6.4,45.517307,-73.52579,3.1,9
42,86,124,139.4,6.6,45.517307,-73.52576,2.9,8
43,86,125,142,6.8,45.517307,-73.52572,2.6,8
44,86,127,144.7,6.8,45.517307,-73.52568,2.7,7
45,86,127,147.4,6.8,45.517307,-73.52565,2.7,7
46,86,127,150.1,7,45.5173,-73.52561,2.7,6
47,86,128,152.7,7.2,45.517284,-73.52557,2.6,5
48,86,130,155,7.2,45.51726,-73.52555,2.3,5
49,86,131,157.6,7.4,45.51723,-73.52553,2.6,4
50,86,131,160.8,7.4,45.517193,-73.52552,3.2,4
51,86,132,164.4,7.4,45.517155,-73.52551,3.6,4
52,86,133,168.3,7.4,45.517124,-73.52551,3.9,4
53,86,134,171.7,7.4,45.5171,-73.52551,3.4,4
54,86,134,174.6,7.6,45.51708,-73.52551,2.9,4
55,86,134,177.8,7.6,45.51705,-73.52551,3.2,4
56,86,135,181.1,7.8,45.51703,-73.52551,3.3,4
57,86,135,184.2,8,45.517006,-73.52552,3.1,4
58,86,137,187.2,8,45.51698,-73.52552,3,4
59,86,137,189.5,8.2,45.516956,-73.52553,2.3,4
60,86,137,191.6,8.4,45.516933,-73.52553,2.1,4
61,86,138,193.4,8.6,45.51691,-73.525536,1.8,4
62,86,138,195.7,8.8,45.516888,-73.525536,2.3,4
63,86,139,198.4,9.2,45.51686,-73.52553,2.7,4
64,86,139,201.2,9.4,45.516834,-73.52553,2.8,4
65,86,140,204,9.8,45.516808,-73.52552,2.8,4
66,86,141,207,10,45.516785,-73.52552,3,4
67,86,141,209.8,10.2,45.516758,-73.52552,2.8,4
68,86,142,212.5,10.6,45.516735,-73.52552,2.7,4
69,86,142,215.4,11,45.51671,-73.52552,2.9,4
70,86,142,218.5,11.2,45.516678,-73.52551,3.1,4
71,86,142,222,11.6,45.516644,-73.5255,3.5,4
72,86,142,225.5,11.8,45.516617,-73.52549,3.5,4
73,86,140,229,12.4,45.516582,-73.525475,3.5,4
74,86,140,232.7,12.6,45.51655,-73.52546,3.7,4
75,86,140,236.7,13.2,45.516514,-73.525444,4,4
76,86,140,240.8,13.4,45.516483,-73.52544,4.1,4
77,86,140,244.9,13.8,45.51645,-73.52543,4.1,4
78,86,140,249.1,14.2,45.51642,-73.52542,4.2,4
79,86,141,253.1,14.6,45.516388,-73.525406,4,4
80,86,141,256.9,15,45.516354,-73.5254,3.8,4
81,86,142,260.7,15.4,45.51632,-73.52538,3.8,4
82,86,143,264.7,15.8,45.516285,-73.52537,4,4
83,86,145,268.6,16.2,45.516254,-73.52536,3.9,4
84,86,146,272.1,16.6,45.51622,-73.525345,3.5,4
85,86,146,275.8,17,45.516193,-73.52533,3.7,4
86,86,146,279.4,17.2,45.516163,-73.52532,3.6,4
87,86,147,283,17.6,45.516132,-73.52531,3.6,4
88,86,147,286.7,18,45.516098,-73.52529,3.7,4
89,86,147,290.5,18.4,45.516068,-73.52528,3.8,4
90,86,148,294,18.8,45.516033,-73.525276,3.5,4
91,86,148,297.8,19.2,45.515995,-73.52526,3.8,4
92,86,148,301.5,19.6,45.51596,-73.52525,3.7,4
93,86,148,305.5,20,45.515926,-73.52524,4,4
94,86,148,309.6,20.2,45.515892,-73.52523,4.1,4
95,86,148,313.7,20.6,45.515858,-73.52522,4.1,4
96,86,148,318,21,45.51582,-73.525215,4.3,4
97,86,148,322.2,21.4,45.515785,-73.52521,4.2,4
98,86,147,325.9,21.6,45.515747,-73.52519,3.7,4
99,86,147,328.8,22,45.51571,-73.52518,2.9,4
100,86,147,333.1,22.4,45.515682,-73.52518,4.3,4
101,86,147,337.4,22.8,45.51565,-73.52516,4.3,4
102,86,147,340.8,23,45.51562,-73.52516,3.4,4
103,86,148,344.5,23.4,45.515594,-73.52515,3.7,4
104,86,148,348,23.6,45.515568,-73.52515,3.5,4
105,86,148,351.3,24,45.51554,-73.52513,3.3,4
106,86,148,354.3,24.2,45.51552,-73.52512,3,4
107,86,148,357,24.6,45.51549,-73.52512,2.7,4
108,86,148,359.6,24.8,45.515465,-73.52512,2.6,4
109,86,148,362.1,25.2,45.515438,-73.525116,2.5,4
110,86,148,364.3,25.2,45.515408,-73.525116,2.2,4
111,86,148,367.3,25.8,45.515377,-73.52511,3,4
112,86,149,370.3,26,45.515347,-73.5251,3,4
113,86,149,373.4,26.2,45.515316,-73.52509,3.1,4
114,86,149,376.8,26.6,45.51529,-73.525085,3.4,4
115,86,149,380.2,26.8,45.515263,-73.525085,3.4,4
116,86,149,383.5,27.2,45.515236,-73.52508,3.3,4
117,86,148,386.9,27.4,45.515205,-73.52507,3.4,4
118,86,148,390.1,27.6,45.51518,-73.525055,3.2,4
119,86,148,393.5,27.8,45.51515,-73.52504,3.4,4
120,86,148,396.9,28.2,45.515118,-73.52503,3.4,4
121,86,147,400.3,28.4,45.515087,-73.525024,3.4,4
122,86,147,403.5,28.8,45.515057,-73.52502,3.2,4
123,86,146,406.8,29.2,45.51503,-73.52502,3.3,4
124,86,146,410,29.4,45.515007,-73.52502,3.2,4
125,86,146,413.2,29.8,45.514984,-73.52502,3.2,4
126,86,146,416.3,30,45.514957,-73.52501,3.1,4
127,87,146,419.3,30.4,45.514927,-73.525,3,4
128,85,145,422.2,30.4,45.514908,-73.525,2.9,4
129,85,145,425.3,30.8,45.514893,-73.52499,3.1,4
130,85,145,427.4,31,45.514874,-73.52498,2.1,4
131,85,145,429.4,31.2,45.514854,-73.52497,2,4
132,85,145,431.4,31.4,45.51483,-73.52496,2,4
133,87,144,433.4,31.8,45.514805,-73.524956,2,4
134,86,145,435.7,31.8,45.514774,-73.524956,2.3,4
135,86,145,438.3,32,45.514748,-73.524956,2.6,4
136,86,145,441.2,32,45.514713,-73.52495,2.9,4
137,86,145,444,32.2,45.514683,-73.52493,2.8,4
138,86,146,446.9,32.4,45.51465,-73.524925,2.9,4
139,86,146,450.9,32.4,45.514618,-73.52491,4,4
140,86,146,455,32.4,45.514587,-73.5249,4.1,4
141,86,147,459.2,32.4,45.514557,-73.524895,4.2,4
142,86,147,463.3,32.4,45.51453,-73.52489,4.1,4
143,86,148,467.2,32.4,45.5145,-73.52487,3.9,4
144,86,148,470.9,32.4,45.51447,-73.52487,3.7,4
145,86,148,474.6,32.4,45.51444,-73.524864,3.7,4
146,86,148,478.2,32.4,45.51441,-73.52485,3.6,4
147,86,148,481.6,32.4,45.514374,-73.52484,3.4,4
148,86,148,485.1,32.4,45.514343,-73.52483,3.5,4
149,86,147,488.6,32.4,45.51431,-73.524826,3.5,4
150,86,147,492.2,32.4,45.51428,-73.52482,3.6,4
151,86,147,495.9,32.4,45.514244,-73.5248,3.7,4
152,86,146,499.6,32.4,45.514214,-73.524796,3.7,4
153,86,145,503.3,32.4,45.514187,-73.52479,3.7,4
154,86,144,507,32.4,45.514156,-73.52479,3.7,4
155,86,144,510.5,32.4,45.514122,-73.52478,3.5,4
156,86,144,514.2,32.2,45.51409,-73.52478,3.7,4
157,86,143,517.8,32.2,45.51406,-73.52477,3.6,4
158,86,143,521.1,32.2,45.51403,-73.524765,3.3,4
159,86,143,524.5,32.2,45.514004,-73.52475,3.4,4
160,86,143,527.7,32.2,45.513973,-73.52475,3.2,4
161,86,143,531,32.2,45.513943,-73.52474,3.3,4
162,86,144,534.2,32.2,45.51391,-73.524734,3.2,4
163,86,143,537.7,32.2,45.513878,-73.52473,3.5,4
164,86,143,541.4,32.2,45.513844,-73.52471,3.7,4
165,86,143,545.1,32.2,45.513813,-73.5247,3.7,4
166,86,142,548.6,32.2,45.513775,-73.52468,3.5,4
167,86,142,552.5,32.4,45.51374,-73.524666,3.9,4
168,86,142,556.5,32.4,45.513702,-73.52466,4,4
169,86,143,560.8,32.4,45.51366,-73.52465,4.3,4
170,86,143,565.4,32.4,45.51362,-73.52464,4.6,4
171,86,143,570.3,32.4,45.51358,-73.52463,4.9,4
172,86,143,575,32.6,45.51355,-73.52461,4.7,4
173,86,143,579.6,32.6,45.51352,-73.524605,4.6,4
174,86,143,584,32.8,45.51349,-73.52459,4.4,4
175,86,143,588.1,32.8,45.513462,-73.52458,4.1,4
176,86,142,591.9,32.8,45.513435,-73.52457,3.8,4
177,86,142,595.4,32.8,45.513405,-73.52456,3.5,4
178,86,141,598.7,33,45.513374,-73.52456,3.3,4
179,86,140,601.5,33,45.513344,-73.52455,2.8,4
180,86,140,604.4,33,45.51331,-73.52454,2.9,4
181,86,139,607.3,33,45.51328,-73.52454,2.9,4
182,86,139,610.4,33,45.51325,-73.52453,3.1,4
183,86,138,613.7,33,45.513218,-73.52452,3.3,4
184,86,138,617.3,33,45.513187,-73.52451,3.6,4
185,86,138,620.8,33,45.513157,-73.5245,3.5,4
186,86,138,624.5,33,45.513126,-73.52449,3.7,4
187,86,138,628.2,33,45.513092,-73.52448,3.7,4
188,86,138,631.9,33,45.513058,-73.524475,3.7,4
189,86,139,635.6,33,45.513023,-73.52447,3.7,4
190,86,139,639.2,33,45.512993,-73.52446,3.6,4
191,86,139,642.9,33,45.51296,-73.52445,3.7,4
192,86,140,646.6,33,45.51292,-73.524445,3.7,4
193,86,140,650.5,33,45.51289,-73.524445,3.9,4
194,86,140,654.7,33,45.51286,-73.52444,4.2,4
195,86,140,658.3,33,45.512825,-73.52443,3.6,4
196,86,140,662,33,45.5128,-73.52442,3.7,4
197,86,139,665.9,33,45.51276,-73.524414,3.9,4
198,86,139,669.4,33,45.512726,-73.52441,3.5,4
199,86,139,673.3,33,45.51269,-73.52439,3.9,4
200,86,139,677.1,33,45.51266,-73.52438,3.8,4
201,86,139,681,33,45.512627,-73.524376,3.9,4
202,86,139,684.7,33,45.5126,-73.52437,3.7,4
203,86,139,688.1,33,45.51257,-73.52436,3.4,4
204,86,140,691.9,33,45.51254,-73.52435,3.8,4
205,86,140,695.4,33,45.512512,-73.524345,3.5,4
206,86,140,698.8,33,45.512486,-73.52434,3.4,4
207,86,140,702,33,45.512455,-73.52433,3.2,4
208,86,140,705,33,45.51243,-73.524315,3,4
209,86,140,708,33,45.5124,-73.52429,3,4
210,86,140,711,33,45.512375,-73.52428,3,4
211,86,140,714,33,45.51235,-73.524254,3,4
212,86,140,717.2,33,45.512318,-73.52425,3.2,4
213,86,140,720.6,33,45.512287,-73.52423,3.4,4
214,86,140,723.8,33,45.512257,-73.52422,3.2,4
215,86,140,727.2,33,45.512226,-73.524216,3.4,4
216,86,140,731,33,45.51219,-73.52421,3.8,4
217,86,140,734.5,33,45.512154,-73.52419,3.5,4
218,86,140,738.4,33,45.51212,-73.52418,3.9,4
219,86,140,742.5,33,45.51209,-73.52417,4.1,4
220,86,140,746.6,33,45.512062,-73.52417,4.1,4
221,86,140,750.3,33,45.512035,-73.52416,3.7,4
222,86,140,753.8,33,45.512005,-73.52416,3.5,4
223,86,140,757.3,33,45.511974,-73.524155,3.5,4
224,86,140,760.6,33,45.511936,-73.52414,3.3,4
225,86,140,764.1,33,45.511894,-73.52412,3.5,4
226,86,140,768.3,33,45.511856,-73.52409,4.2,4
227,86,140,772.6,33,45.511818,-73.52408,4.3,4
228,86,140,776.7,33,45.51178,-73.52406,4.1,4
229,86,139,781,33,45.51174,-73.524055,4.3,4
230,86,139,785.7,33,45.511703,-73.52403,4.7,4
231,86,139,790.8,33,45.511665,-73.52402,5.1,4
232,86,139,795.9,33,45.511635,-73.52401,5.1,4
233,86,139,800.9,33,45.5116,-73.524,5,4
234,86,139,805.4,33,45.511574,-73.523994,4.5,4
235,86,139,809.2,33,45.51155,-73.523994,3.8,4
236,86,140,812.2,33,45.511517,-73.52399,3,4
237,86,140,815.1,33,45.511486,-73.52397,2.9,4
238,86,141,818.4,33,45.51145,-73.523964,3.3,4
239,86,141,821.5,33,45.511425,-73.52396,3.1,4
240,86,141,824.5,33,45.511395,-73.52395,3,4
241,86,141,827.3,33,45.511368,-73.52394,2.8,4
242,86,141,830.4,33,45.51134,-73.52393,3.1,4
243,86,142,833.5,33,45.511307,-73.523926,3.1,4
244,86,142,836.4,33,45.511276,-73.52392,2.9,4
245,86,142,840.1,33,45.511242,-73.52391,3.7,4
246,86,142,844.2,33,45.5112,-73.523895,4.1,4
247,86,143,847.7,33.2,45.511166,-73.52389,3.5,4
248,86,143,851.9,33.2,45.51113,-73.52388,4.2,4
249,86,143,855.7,33.2,45.511093,-73.523865,3.8,4
250,86,143,860.1,33.2,45.51106,-73.52386,4.4,4
251,87,143,864.6,33.2,45.511032,-73.52384,4.5,4
252,86,143,868.8,33.2,45.510994,-73.523834,4.2,4
253,86,144,872.9,33.2,45.51096,-73.52382,4.1,4
254,86,144,877.2,33.4,45.51093,-73.52381,4.3,4
255,86,144,881.2,33.4,45.510895,-73.523796,4,4
256,86,144,885.1,33.4,45.51086,-73.52379,3.9,4
257,86,144,888.5,33.4,45.510826,-73.52377,3.4,4
258,86,145,892.5,33.4,45.510784,-73.52376,4,4
259,86,145,896.3,33.4,45.51076,-73.52375,3.8,4
260,86,145,900.4,33.4,45.510727,-73.52374,4.1,4
261,86,144,903.9,33.4,45.51069,-73.523735,3.5,4
262,86,143,908,33.6,45.51066,-73.52373,4.1,4
263,86,140,911.9,33.6,45.51063,-73.52372,3.9,4
264,86,139,915.5,33.6,45.5106,-73.523705,3.6,4
265,86,139,918.7,33.6,45.510567,-73.5237,3.2,4
266,86,138,922.3,33.6,45.51054,-73.52368,3.6,4
267,86,137,925.9,33.6,45.51051,-73.523674,3.6,4
268,86,136,929.3,33.6,45.51048,-73.52367,3.4,4
269,86,135,932,33.6,45.510452,-73.52366,2.7,4
270,86,135,935.8,33.6,45.51043,-73.52365,3.8,4
271,86,135,938.9,33.6,45.510395,-73.52364,3.1,4
272,86,135,941.3,33.6,45.510372,-73.52364,2.4,4
273,86,135,944.5,33.6,45.510334,-73.52364,3.2,4
274,86,134,947.6,33.6,45.510303,-73.52363,3.1,4
275,86,134,951.4,33.6,45.510265,-73.52361,3.8,4
276,86,134,954.5,33.6,45.510235,-73.523605,3.1,4
277,86,134,958.6,33.6,45.510197,-73.52358,4.1,4
278,86,133,962.2,33.6,45.51017,-73.523575,3.6,4
279,86,133,966.8,33.6,45.510136,-73.52356,4.6,4
280,86,133,970.6,33.6,45.5101,-73.52355,3.8,4
281,86,133,975,33.6,45.510067,-73.52354,4.4,4
282,86,133,979.1,33.6,45.510033,-73.52352,4.1,4
283,86,133,983.7,33.4,45.51,-73.52351,4.6,4
284,86,133,987.3,33.4,45.509964,-73.5235,3.6,4
285,86,133,991.5,33.4,45.50993,-73.52349,4.2,4
286,86,133,995,33.4,45.509903,-73.52348,3.5,4
287,86,133,999.2,33.4,45.509865,-73.523476,4.2,4
288,86,133,1002.3,33.4,45.509846,-73.52347,3.1,4
289,86,133,1006.5,33.4,45.509815,-73.52346,4.2,4
290,86,133,1009.4,33.2,45.50979,-73.52345,2.9,4
291,86,133,1012.6,33.2,45.509754,-73.523445,3.2,4
292,86,133,1015.6,33.2,45.509724,-73.52343,3,4
293,86,134,1019,33.2,45.509697,-73.52342,3.4,4
294,86,135,1022.1,33.2,45.509666,-73.523415,3.1,4
295,86,135,1025.1,33,45.509636,-73.5234,3,4
296,86,135,1028.2,33,45.509605,-73.52339,3.1,4
297,86,135,1031.8,33,45.509575,-73.52338,3.6,4
298,86,135,1035,33,45.50955,-73.52337,3.2,4
299,86,135,1038.8,33,45.50952,-73.52336,3.8,4
300,87,135,1042.1,33,45.509483,-73.52335,3.3,4
301,86,136,1045.8,33,45.50945,-73.52334,3.7,4
302,86,135,1049.4,33,45.509415,-73.52333,3.6,4
303,86,134,1053.2,33,45.509384,-73.52332,3.8,4
304,86,133,1057.1,33,45.509357,-73.52332,3.9,4
305,86,133,1060.7,33,45.50933,-73.523315,3.6,4
306,87,132,1064,33,45.5093,-73.52331,3.3,4
307,88,131,1067.4,32.8,45.50927,-73.5233,3.4,4
308,88,132,1070.9,32.8,45.50923,-73.523285,3.5,4
309,88,132,1074.7,32.8,45.509197,-73.52328,3.8,4
310,86,132,1078.6,32.8,45.509167,-73.52326,3.9,4
311,86,131,1082.2,32.8,45.509132,-73.52325,3.6,4
312,86,131,1085.6,32.8,45.5091,-73.52324,3.4,4
313,86,131,1089.3,32.8,45.50907,-73.52323,3.7,4
314,86,130,1093.2,32.8,45.50904,-73.523224,3.9,4
315,86,130,1097.1,32.6,45.509014,-73.52322,3.9,4
316,86,130,1100.8,32.6,45.50898,-73.5232,3.7,4
317,86,130,1104.4,32.6,45.50895,-73.52319,3.6,4
318,86,129,1108,32.6,45.508915,-73.52318,3.6,4
319,86,130,1111.4,32.6,45.50889,-73.52317,3.4,4
320,86,130,1114.7,32.6,45.508865,-73.52316,3.3,4
321,86,130,1118,32.6,45.50883,-73.523155,3.3,4
322,86,131,1120.8,32.6,45.5088,-73.52315,2.8,4
323,86,131,1124.4,32.6,45.508774,-73.52314,3.6,4
324,86,131,1127.9,32.6,45.508743,-73.52313,3.5,4
325,86,131,1131.1,32.4,45.5087,-73.52312,3.2,4
326,86,131,1134.8,32.4,45.508663,-73.5231,3.7,4
327,86,132,1138.8,32.4,45.508633,-73.523094,4,4
328,86,132,1142.7,32.4,45.508606,-73.52309,3.9,4
329,87,132,1146.4,32.4,45.508575,-73.52308,3.7,4
330,88,132,1150,32.4,45.508545,-73.52307,3.6,4
331,88,132,1154.1,32.4,45.50851,-73.523056,4.1,4
332,88,132,1157.8,32.4,45.508484,-73.52305,3.7,4
333,88,133,1161.3,32.4,45.508453,-73.52304,3.5,4
334,88,133,1165,32.4,45.508415,-73.52303,3.7,4
335,88,133,1168.7,32.4,45.50838,-73.523026,3.7,4
336,88,134,1172.2,32.4,45.508358,-73.52302,3.5,4
337,88,134,1175.5,32.4,45.508324,-73.52301,3.3,4
338,88,134,1178.7,32.4,45.508286,-73.522995,3.2,4
339,87,134,1182.6,32.4,45.508255,-73.52299,3.9,4
340,87,134,1186.9,32.4,45.508232,-73.52298,4.3,4
341,86,134,1190.2,32.4,45.5082,-73.522964,3.3,4
342,87,134,1193.3,32.4,45.508163,-73.52296,3.1,4
343,86,134,1197.3,32.4,45.508133,-73.52294,4,4
344,86,134,1201.1,32.4,45.508102,-73.522934,3.8,4
345,86,134,1204.4,32.4,45.50808,-73.52293,3.3,4
346,86,134,1207.8,32.4,45.508053,-73.52292,3.4,4
347,86,135,1211.3,32.4,45.508026,-73.52292,3.5,4
348,86,135,1214.2,32.4,45.507996,-73.52291,2.9,4
349,86,136,1216.8,32.4,45.507965,-73.5229,2.6,4
350,87,136,1220,32.4,45.507927,-73.52289,3.2,4
351,88,136,1223.7,32.4,45.507893,-73.52288,3.7,4
352,88,137,1227.4,32.4,45.507862,-73.522865,3.7,4
353,88,138,1230.8,32.4,45.50783,-73.52286,3.4,4
354,88,138,1234.1,32.4,45.50779,-73.52284,3.3,4
355,87,138,1238.2,32.4,45.50776,-73.52283,4.1,4
356,86,138,1242.9,32.4,45.507732,-73.52282,4.7,4
357,86,138,1247.1,32.4,45.507698,-73.522804,4.2,4
358,86,138,1251,32.4,45.507664,-73.52279,3.9,4
359,86,137,1255.2,32.4,45.507626,-73.52277,4.2,4
360,86,137,1259.4,32.4,45.50759,-73.52276,4.2,4
361,86,137,1263.3,32.4,45.50756,-73.52275,3.9,4
362,86,137,1267.3,32.4,45.507526,-73.52274,4,4
363,88,137,1271,32.4,45.507492,-73.522736,3.7,4
364,87,136,1275.1,32.4,45.50746,-73.52273,4.1,4
365,87,136,1278.4,32.4,45.50744,-73.52273,3.3,4
366,86,136,1282.2,32.4,45.507412,-73.52272,3.8,4
367,87,136,1285.4,32.4,45.50738,-73.52271,3.2,4
368,88,135,1288.5,32.2,45.50735,-73.522705,3.1,4
369,88,135,1291.6,32.2,45.50732,-73.52269,3.1,4
370,86,135,1294.5,32.2,45.507286,-73.52268,2.9,4
371,86,135,1297.7,32.2,45.50725,-73.522675,3.2,4
372,86,135,1301.4,32.2,45.50721,-73.52267,3.7,4
373,86,134,1304.8,32,45.50717,-73.52265,3.4,4
374,86,134,1309,32,45.507145,-73.522644,4.2,4
375,86,134,1313.1,32,45.507114,-73.52264,4.1,4
376,86,133,1317.5,32,45.507088,-73.52263,4.4,4
377,86,133,1321.4,32,45.507065,-73.52262,3.9,4
378,86,132,1325.1,32,45.507034,-73.52261,3.7,4
379,87,132,1328.3,31.8,45.507008,-73.52261,3.2,4
380,86,132,1331.6,31.8,45.506977,-73.522606,3.3,4
381,86,132,1334.6,31.8,45.50695,-73.522606,3,4
382,86,131,1337.5,31.8,45.506927,-73.522606,2.9,4
383,86,132,1339.7,31.8,45.506905,-73.5226,2.2,4
384,86,132,1341.9,31.8,45.506878,-73.52259,2.2,4
385,86,132,1344.4,31.8,45.50685,-73.52258,2.5,4
386,86,132,1347.2,31.8,45.50682,-73.52258,2.8,4
387,86,133,1350.2,31.8,45.506794,-73.522575,3,4
388,86,133,1353.5,32,45.506763,-73.52257,3.3,4
389,88,134,1356.4,32,45.506737,-73.52256,2.9,4
390,87,134,1359.5,32,45.506714,-73.52255,3.1,4
391,86,134,1362.6,32,45.50669,-73.52254,3.1,4
392,86,134,1365.5,32,45.50666,-73.522514,2.9,4
393,86,134,1368.6,32,45.506622,-73.5225,3.1,4
394,86,134,1372.4,32,45.506577,-73.522484,3.8,4
395,86,134,1376.5,32,45.50654,-73.522484,4.1,4
396,87,134,1381,32,45.50651,-73.52248,4.5,4
397,88,135,1385.1,32,45.506477,-73.52247,4.1,4
398,88,135,1389,32,45.506447,-73.522446,3.9,4
399,88,135,1393.1,32,45.506413,-73.52243,4.1,4
400,86,135,1397.3,32,45.50638,-73.522415,4.2,4
401,86,135,1402.2,32,45.506332,-73.5224,4.9,4
402,86,134,1406.9,32.2,45.50629,-73.522385,4.7,4
403,88,132,1411.8,32.2,45.50626,-73.52238,4.9,4
404,87,131,1416.4,32.2,45.50623,-73.52237,4.6,4
405,86,131,1419.5,32.2,45.5062,-73.52236,3.1,4
406,86,131,1423.5,32.2,45.506172,-73.52235,4,4
407,87,130,1427.6,32.2,45.506134,-73.52234,4.1,4
408,88,129,1431,32.2,45.506104,-73.52233,3.4,4
409,88,128,1435.1,32.2,45.50607,-73.522316,4.1,4
410,88,128,1438.8,32.2,45.506042,-73.52231,3.7,4
411,87,128,1442.4,32.2,45.506012,-73.52229,3.6,4
412,86,128,1444.9,32.2,45.50598,-73.52228,2.5,4
413,86,128,1447.8,32.2,45.50595,-73.52226,2.9,4
414,88,128,1451.6,32.2,45.505917,-73.522255,3.8,4
415,88,128,1455.1,32.2,45.505886,-73.52225,3.5,4
416,88,128,1459,32.2,45.505844,-73.52223,3.9,4
417,87,128,1463,32.2,45.505806,-73.52222,4,4
418,86,129,1466.9,32.2,45.505775,-73.52221,3.9,4
419,86,129,1471.2,32.2,45.50575,-73.5222,4.3,4
420,86,129,1474.9,32.2,45.505733,-73.5222,3.7,4
421,86,130,1478.7,32.2,45.505714,-73.522194,3.8,4
422,86,130,1481.2,32.2,45.50569,-73.52219,2.5,4
423,86,131,1483.6,32.2,45.505665,-73.52218,2.4,4
424,86,132,1486,32.2,45.50564,-73.52218,2.4,4
425,86,132,1488.6,32.2,45.50561,-73.52217,2.6,4
426,86,132,1491,32,45.505585,-73.52216,2.4,4
427,86,133,1493,32,45.505554,-73.52216,2,4
428,88,134,1494.9,32,45.505535,-73.52216,1.9,4
429,88,134,1497.9,32,45.50551,-73.522156,3,4
430,88,134,1500.3,32,45.505486,-73.52215,2.4,4
431,88,135,1503.7,32,45.505463,-73.52215,3.4,4
432,87,135,1506.8,32,45.505444,-73.52215,3.1,4
433,88,135,1509.5,32,45.50542,-73.52215,2.7,4
434,88,135,1511.6,32,45.505394,-73.52215,2.1,4
435,88,135,1514.1,32,45.505367,-73.52215,2.5,4
436,87,135,1516.7,32,45.505337,-73.52215,2.6,4
437,87,135,1519.5,32,45.505306,-73.52215,2.8,4
438,86,135,1522.3,32,45.505272,-73.52215,2.8,4
439,86,134,1525.7,32,45.50523,-73.52213,3.4,4
440,86,134,1529.5,32,45.5052,-73.52212,3.8,4
441,86,134,1533.9,32,45.50517,-73.52211,4.4,4
442,86,134,1538,32,45.505135,-73.522095,4.1,4
443,86,134,1542.4,32,45.505093,-73.52208,4.4,4
444,87,134,1546.9,32,45.50507,-73.522064,4.5,4
445,86,134,1551.7,32,45.505028,-73.52204,4.8,4
446,88,134,1555.6,32,45.505005,-73.52203,3.9,4
447,88,134,1560.3,32,45.504974,-73.52203,4.7,4
448,88,134,1564,32,45.50494,-73.52203,3.7,4
449,87,134,1567.6,32,45.504913,-73.52203,3.6,4
450,86,134,1570.6,32,45.504883,-73.522026,3,4
451,86,134,1574,32,45.504856,-73.522026,3.4,4
452,86,135,1577.5,32,45.504826,-73.52202,3.5,4
453,86,135,1580.3,31.8,45.504795,-73.52201,2.8,4
454,86,135,1582.8,31.8,45.50477,-73.522,2.5,4
455,86,135,1586.3,31.8,45.504734,-73.521996,3.5,4
456,86,136,1589,31.8,45.50469,-73.52197,2.7,4
457,86,136,1593,31.8,45.50465,-73.52195,4,4
458,86,136,1597.8,31.8,45.504612,-73.52193,4.8,4
459,86,137,1602.2,31.8,45.50459,-73.52191,4.4,4
460,86,137,1606.8,31.8,45.504555,-73.521904,4.6,4
461,86,137,1610.8,31.8,45.50452,-73.5219,4,4
462,86,137,1615,31.8,45.504482,-73.52189,4.2,4
463,86,138,1619.4,31.8,45.504448,-73.52188,4.4,4
464,86,138,1623.9,31.8,45.50442,-73.52187,4.5,4
465,86,138,1628.2,31.8,45.50439,-73.52186,4.3,4
466,86,138,1631.6,31.8,45.50436,-73.52184,3.4,4
467,88,138,1634.2,31.8,45.504322,-73.521835,2.6,4
468,88,138,1637.7,31.8,45.504288,-73.52182,3.5,4
469,88,138,1641.2,31.8,45.504253,-73.52181,3.5,4
470,88,138,1645.7,31.8,45.50422,-73.521805,4.5,4
471,88,138,1649.5,31.8,45.504185,-73.52179,3.8,4
472,86,138,1653.3,32,45.504147,-73.52178,3.8,4
473,86,139,1657.3,32,45.504112,-73.521774,4,4
474,86,139,1661.4,32,45.50408,-73.52177,4.1,4
475,86,139,1665.6,32.2,45.50405,-73.52175,4.2,4
476,86,139,1669.6,32.2,45.504013,-73.52174,4,4
477,86,139,1673.3,32.2,45.503986,-73.521736,3.7,4
478,86,139,1677.2,32.4,45.50395,-73.52173,3.9,4
479,87,139,1680.5,32.4,45.50392,-73.52171,3.3,4
480,86,139,1684.5,32.4,45.503887,-73.5217,4,4
481,88,139,1687.7,32.4,45.50386,-73.52169,3.2,4
482,88,139,1691.6,32.6,45.50382,-73.521675,3.9,4
483,88,139,1694.6,32.6,45.50379,-73.52167,3,4
484,88,139,1698.9,32.8,45.503754,-73.52165,4.3,4
485,88,139,1702.4,32.8,45.503735,-73.521645,3.5,4
486,87,139,1706.5,33,45.503696,-73.52162,4.1,4
487,88,139,1709.3,33,45.503674,-73.52162,2.8,4
488,86,138,1713.6,33,45.503647,-73.521614,4.3,4
489,86,139,1716.3,33,45.503624,-73.521614,2.7,4
490,86,139,1719.7,33,45.503597,-73.521614,3.4,4
491,86,139,1722.2,33.2,45.503567,-73.52161,2.5,4
492,86,139,1725.3,33.2,45.50354,-73.5216,3.1,4
493,86,139,1727.6,33.2,45.5035,-73.52158,2.3,4
494,86,139,1731,33.4,45.50347,-73.521576,3.4,4
495,86,139,1734.1,33.4,45.503437,-73.52156,3.1,4
496,87,139,1737.9,33.4,45.503395,-73.52155,3.8,4
497,87,140,1741.2,33.6,45.503357,-73.52155,3.3,4
498,88,140,1745.9,33.6,45.503326,-73.521545,4.7,4
499,86,140,1750.3,33.6,45.5033,-73.521545,4.4,4
500,86,140,1754.7,33.6,45.50326,-73.52153,4.4,4
501,86,140,1758.6,33.6,45.503227,-73.521515,3.9,4
502,86,140,1763.1,33.8,45.503197,-73.52151,4.5,4
503,86,139,1767.3,33.8,45.503162,-73.52149,4.2,4
504,86,139,1770.8,34,45.50313,-73.52148,3.5,4
505,85,139,1774.8,34,45.503098,-73.52146,4,4
506,84,139,1778.6,34.2,45.50307,-73.521454,3.8,4
507,84,140,1782,34.2,45.50305,-73.52145,3.4,4
508,84,140,1785,34.2,45.503036,-73.52145,3,4
509,83,140,1787.5,34.2,45.503025,-73.52144,2.5,4
510,82,140,1789.2,34.2,45.50301,-73.52142,1.7,4
511,82,141,1790.3,34.2,45.503,-73.52141,1.1,4
512,80,139,1791.8,34.4,45.50298,-73.521416,1.5,4
513,79,138,1793.2,34.4,45.50297,-73.52143,1.4,4
514,81,137,1794.1,34.4,45.50298,-73.52144,0.9,4
515,82,137,1794.2,34.6,45.50299,-73.521454,0.1,4
516,83,136,1794.2,34.6,45.50301,-73.52146,0,4
517,84,136,1794.2,34.6,45.503033,-73.52146,0,4
518,85,136,1794.2,34.6,45.50306,-73.52146,0,4
519,85,136,1795.5,34.8,45.50309,-73.52146,1.3,4
520,85,136,1796.5,34.8,45.50312,-73.52146,1,4
521,85,136,1798.6,34.8,45.503155,-73.52146,2.1,4
522,85,136,1802.4,34.8,45.503185,-73.52146,3.8,4
523,85,137,1807,34.8,45.503212,-73.52147,4.6,4
524,85,137,1812,34.8,45.503246,-73.52148,5,4
525,85,137,1816.3,34.8,45.503277,-73.52149,4.3,4
526,85,137,1820.6,34.8,45.503307,-73.5215,4.3,4
527,85,137,1825,34.8,45.50334,-73.5215,4.4,4
528,85,136,1828.9,34.8,45.503372,-73.52151,3.9,4
529,85,136,1832.6,34.6,45.503403,-73.521515,3.7,4
530,85,136,1836.3,34.4,45.503433,-73.521515,3.7,4
531,85,136,1839.8,34.4,45.503464,-73.52153,3.5,4
532,85,136,1843.3,34.2,45.503498,-73.52154,3.5,4
533,87,136,1847,34.2,45.503525,-73.52155,3.7,4
534,86,136,1850.7,34,45.50356,-73.52156,3.7,4
535,86,136,1854.3,33.8,45.50359,-73.52157,3.6,4
536,87,135,1857.8,33.6,45.50362,-73.521576,3.5,4
537,88,135,1861.4,33.4,45.50366,-73.521576,3.6,4
538,88,135,1864.9,33.2,45.503693,-73.52158,3.5,4
539,88,134,1868.8,33,45.503727,-73.52159,3.9,4
540,88,134,1872.7,32.8,45.50376,-73.52161,3.9,4
541,86,135,1876.7,32.6,45.503796,-73.52162,4,4
542,86,136,1880.7,32.4,45.50383,-73.52163,4,4
543,87,136,1884.8,32,45.50386,-73.521645,4.1,4
544,88,137,1888.8,31.8,45.503895,-73.52166,4,4
545,88,137,1892.8,31.6,45.503925,-73.521675,4,4
546,88,137,1896.8,31.2,45.50396,-73.52169,4,4
547,88,137,1900.9,31,45.50399,-73.5217,4.1,4
548,88,137,1904.7,30.6,45.504025,-73.521706,3.8,4
549,87,137,1908.3,30.4,45.504055,-73.521706,3.6,4
550,88,137,1912,29.8,45.50409,-73.52171,3.7,4
551,88,138,1915.5,29.6,45.50412,-73.52172,3.5,4
552,87,138,1919,29.2,45.504154,-73.521736,3.5,4
553,88,138,1922.8,29,45.50419,-73.52174,3.8,4
554,88,138,1926.5,28.4,45.504227,-73.52175,3.7,4
555,88,138,1930.2,28.2,45.504257,-73.52177,3.7,4
556,88,138,1934.2,27.8,45.50429,-73.521774,4,4
557,88,138,1938,27.4,45.504322,-73.521774,3.8,4
558,88,139,1941.8,27.2,45.504356,-73.52178,3.8,4
559,88,139,1945.6,26.6,45.504387,-73.52178,3.8,4
560,88,139,1949.4,26.2,45.504417,-73.52179,3.8,4
561,88,139,1953,26,45.504448,-73.5218,3.6,4
562,87,139,1956.6,25.4,45.50448,-73.521805,3.6,4
563,86,139,1959.9,25,45.504513,-73.52182,3.3,4
564,86,139,1963.4,24.6,45.504543,-73.52183,3.5,4
565,86,139,1966.8,24.2,45.504574,-73.521835,3.4,4
566,88,139,1970.2,23.8,45.50461,-73.52184,3.4,4
567,88,139,1973.8,23.4,45.50464,-73.52184,3.6,4
568,86,139,1977.4,23,45.50467,-73.52185,3.6,4
569,86,138,1980.9,22.8,45.504704,-73.52186,3.5,4
570,86,138,1984.5,22.2,45.504734,-73.52187,3.6,4
571,87,139,1988.2,21.8,45.50477,-73.52188,3.7,4
572,88,139,1991.9,21.4,45.504803,-73.52189,3.7,4
573,88,140,1995.8,21,45.504833,-73.521904,3.9,4
574,88,140,1999.6,20.8,45.50487,-73.52192,3.8,4
575,88,140,2003.5,20.4,45.5049,-73.52193,3.9,4
576,88,140,2007.4,20,45.504936,-73.521935,3.9,4
577,88,141,2011.3,19.6,45.50497,-73.52195,3.9,4
578,88,141,2015.3,19.4,45.505005,-73.52196,4,4
579,88,142,2019.5,19,45.505035,-73.521965,4.2,4
580,88,142,2023.4,18.8,45.50507,-73.52197,3.9,4
581,88,142,2027.3,18.4,45.5051,-73.52198,3.9,4
582,88,142,2030.9,18.2,45.50513,-73.52199,3.6,4
583,88,143,2034.5,17.6,45.50516,-73.522,3.6,4
584,88,143,2038.1,17.6,45.50519,-73.52202,3.6,4
585,87,143,2041.5,17.2,45.505226,-73.522026,3.4,4
586,88,144,2045,17,45.50526,-73.52203,3.5,4
587,88,144,2048.7,16.6,45.505295,-73.52205,3.7,4
588,88,145,2052.4,16.4,45.505325,-73.52206,3.7,4
589,88,145,2056.1,16,45.50536,-73.52208,3.7,4
590,88,145,2059.7,15.6,45.505394,-73.522095,3.6,4
591,88,145,2063.8,15.4,45.505424,-73.5221,4.1,4
592,88,146,2067.8,15.2,45.50546,-73.52211,4,4
593,88,146,2071.7,15,45.505493,-73.522125,3.9,4
594,88,146,2075.7,14.8,45.505527,-73.52213,4,4
595,88,146,2079.7,14.4,45.50556,-73.52215,4,4
596,88,146,2083.6,14.4,45.505592,-73.52216,3.9,4
597,88,145,2087.5,14,45.505627,-73.52218,3.9,4
598,88,145,2091.4,13.8,45.50566,-73.522194,3.9,4
599,88,145,2095.3,13.6,45.505695,-73.52221,3.9,4
600,88,145,2099.3,13.4,45.505722,-73.522224,4,4
601,88,145,2103.2,13.2,45.505768,-73.52224,3.9,4
602,88,145,2106.9,13.2,45.5058,-73.522255,3.7,4
603,88,145,2111.6,12.8,45.505833,-73.52226,4.7,4
604,88,145,2115.5,12.6,45.505863,-73.52227,3.9,4
605,88,145,2119.4,12.4,45.5059,-73.52228,3.9,4
606,88,145,2123.3,12.4,45.505936,-73.522285,3.9,4
607,88,145,2127.3,12.2,45.50597,-73.52229,4,4
608,88,146,2131.4,12,45.506,-73.5223,4.1,4
609,88,146,2135.2,11.8,45.50603,-73.52231,3.8,4
610,88,146,2138.7,11.6,45.506065,-73.52232,3.5,4
611,88,146,2142.7,11.4,45.5061,-73.52232,4,4
612,88,146,2145.9,11.2,45.506134,-73.52234,3.2,4
613,88,147,2149.8,11.2,45.50616,-73.52235,3.9,4
614,88,146,2153.5,11,45.506195,-73.522354,3.7,4
615,88,146,2157,10.8,45.506226,-73.52236,3.5,4
616,88,146,2160.6,10.6,45.50626,-73.52237,3.6,4
617,88,146,2164,10.6,45.506294,-73.52238,3.4,4
618,88,146,2167.7,10.4,45.506317,-73.522385,3.7,4
619,88,146,2171.4,10,45.50636,-73.5224,3.7,4
620,88,146,2174.8,10,45.506393,-73.52241,3.4,4
621,88,146,2178.7,10,45.506428,-73.522415,3.9,4
622,88,146,2182.4,9.8,45.506454,-73.52242,3.7,4
623,88,146,2186.2,9.6,45.506485,-73.52243,3.8,4
624,88,147,2189.9,9.4,45.506527,-73.52244,3.7,4
625,88,147,2193.6,9.2,45.50656,-73.52245,3.7,4
626,88,147,2198,9.2,45.506596,-73.52246,4.4,4
627,88,147,2201.7,9,45.506634,-73.52248,3.7,4
628,88,147,2205.9,9,45.50667,-73.52249,4.2,4
629,88,147,2210.6,8.8,45.506702,-73.52251,4.7,4
630,88,147,2214.5,8.6,45.506737,-73.522514,3.9,4
631,88,147,2218.6,8.6,45.506775,-73.52253,4.1,4
632,88,147,2222.7,8.6,45.506813,-73.522545,4.1,4
633,88,147,2227.4,8.6,45.506847,-73.52256,4.7,4
634,88,146,2231.8,8.4,45.50688,-73.522575,4.4,4
635,88,146,2235.8,8.4,45.506916,-73.52258,4,4
636,88,146,2240.1,8.2,45.50695,-73.5226,4.3,4
637,88,146,2244,8.2,45.50698,-73.522606,3.9,4
638,88,146,2247.9,8,45.507015,-73.52262,3.9,4
639,88,146,2251.6,8,45.507053,-73.52264,3.7,4
640,88,146,2255.7,8,45.507088,-73.522644,4.1,4
641,88,146,2259.7,8,45.507122,-73.52265,4,4
642,88,146,2263.8,8,45.50716,-73.52266,4.1,4
643,88,146,2267.5,7.8,45.5072,-73.52267,3.7,4
644,88,147,2271.4,7.8,45.50723,-73.52268,3.9,4
645,88,147,2275.5,7.8,45.50726,-73.5227,4.1,4
646,88,147,2279.5,7.6,45.507305,-73.52272,4,4
647,88,147,2283.5,7.6,45.50734,-73.52273,4,4
648,88,147,2288.2,7.6,45.507374,-73.522736,4.7,4
649,88,147,2292.4,7.4,45.50741,-73.52275,4.2,4
650,88,147,2296.4,7.4,45.507442,-73.52276,4,4
651,88,147,2300.3,7.4,45.507477,-73.52277,3.9,4
652,88,147,2304.4,7.4,45.50751,-73.52278,4.1,4
653,88,147,2308.6,7.4,45.50754,-73.5228,4.2,4
654,88,147,2312.3,7.4,45.507576,-73.52281,3.7,4
655,88,147,2316.2,7.2,45.507607,-73.52282,3.9,4
656,88,146,2320.2,7.2,45.507645,-73.52283,4,4
657,88,146,2323.5,7.2,45.507675,-73.52283,3.3,4
658,88,145,2327.3,7.2,45.50771,-73.522835,3.8,4
659,88,145,2330.9,7.2,45.50774,-73.522835,3.6,4
660,88,145,2334.7,7.2,45.507774,-73.52284,3.8,4
661,88,144,2338.2,7.2,45.507812,-73.52285,3.5,4
662,88,144,2341.9,7.2,45.507843,-73.522865,3.7,4
663,88,144,2345.8,7.2,45.507874,-73.52287,3.9,4
664,88,143,2349.4,7.2,45.507904,-73.52289,3.6,4
665,88,143,2353,7.2,45.507935,-73.5229,3.6,4
666,88,143,2356.7,7.4,45.50797,-73.52292,3.7,4
667,88,143,2360.2,7.4,45.508003,-73.522934,3.5,4
668,88,144,2364.3,7.4,45.50804,-73.52294,4.1,4
669,88,144,2368.3,7.4,45.50808,-73.52295,4,4
670,88,144,2372.3,7.4,45.508118,-73.52296,4,4
671,88,145,2376.5,7.4,45.508156,-73.52297,4.2,4
672,88,145,2380.7,7.6,45.508198,-73.52299,4.2,4
673,88,146,2385.3,7.6,45.508236,-73.522995,4.6,4
674,88,147,2390.2,7.8,45.508274,-73.52301,4.9,4
675,88,147,2395.1,7.8,45.508312,-73.52302,4.9,4
676,87,147,2399.8,8,45.50835,-73.523026,4.7,4
677,86,147,2404.4,8,45.50839,-73.52303,4.6,4
678,88,148,2408.8,8,45.508423,-73.52303,4.4,4
679,88,149,2413.2,8,45.508457,-73.52303,4.4,4
680,88,149,2417.3,8.2,45.50849,-73.52304,4.1,4
681,88,151,2421.4,8.2,45.50853,-73.523056,4.1,4
682,88,150,2425.4,8.4,45.50856,-73.52306,4,4
683,88,149,2429.1,8.6,45.508595,-73.52307,3.7,4
684,88,150,2432.7,8.6,45.508625,-73.52308,3.6,4
685,88,150,2436.2,8.6,45.50866,-73.52309,3.5,4
686,88,151,2439.8,8.8,45.508694,-73.5231,3.6,4
687,88,151,2443.5,8.8,45.508724,-73.52312,3.7,4
688,88,151,2447.2,9,45.50876,-73.523125,3.7,4
689,88,151,2450.9,9.2,45.50879,-73.52314,3.7,4
690,88,151,2454.4,9.2,45.508823,-73.523155,3.5,4
691,88,151,2458,9.2,45.508858,-73.52316,3.6,4
692,88,151,2461.6,9.4,45.508892,-73.52317,3.6,4
693,88,151,2465.5,9.6,45.508926,-73.52318,3.9,4
694,88,151,2469.5,9.8,45.50896,-73.52319,4,4
695,88,151,2473.5,9.8,45.508995,-73.52319,4,4
696,88,151,2477.3,10,45.509026,-73.5232,3.8,4
697,88,151,2481.1,10,45.50906,-73.52321,3.8,4
698,88,151,2484.9,10,45.50909,-73.52322,3.8,4
699,88,151,2488.8,10.2,45.509125,-73.523224,3.9,4
700,88,151,2492.6,10.2,45.50916,-73.52323,3.8,4
701,88,151,2496.4,10.4,45.509193,-73.52324,3.8,4
702,88,151,2500.1,10.4,45.509228,-73.523254,3.7,4
703,88,153,2503.9,10.6,45.509262,-73.52326,3.8,4
704,88,153,2507.7,10.6,45.509296,-73.52327,3.8,4
705,88,153,2511.6,10.6,45.50933,-73.523285,3.9,4
706,88,153,2515.6,10.6,45.509365,-73.523285,4,4
707,88,154,2519.7,10.6,45.5094,-73.52329,4.1,4
708,88,154,2523.6,10.6,45.509434,-73.5233,3.9,4
709,88,154,2527.4,10.8,45.509468,-73.52331,3.8,4
710,88,154,2531.4,10.8,45.509506,-73.52332,4,4
711,88,154,2535.4,10.8,45.509537,-73.52333,4,4
712,88,154,2539.5,10.8,45.509575,-73.523346,4.1,4
713,88,154,2543.3,11,45.50961,-73.52335,3.8,4
714,88,154,2547.4,11,45.509644,-73.52337,4.1,4
715,88,154,2551.5,11,45.50968,-73.52338,4.1,4
716,88,154,2555.5,11,45.509716,-73.523384,4,4
717,88,153,2559.7,11,45.509747,-73.5234,4.2,4
718,88,153,2563.8,11,45.50978,-73.52341,4.1,4
719,88,152,2567.5,11,45.509815,-73.52342,3.7,4
720,88,152,2571.5,11,45.50985,-73.52344,4,4
721,88,152,2575.3,11.2,45.50988,-73.523445,3.8,4
722,88,151,2579.3,11.2,45.50992,-73.52345,4,4
723,88,150,2582.9,11.2,45.50995,-73.52346,3.6,4
724,88,150,2586.8,11.2,45.509983,-73.52347,3.9,4
725,88,150,2590.6,11.2,45.510017,-73.52348,3.8,4
726,88,149,2594.2,11.2,45.51005,-73.5235,3.6,4
727,88,148,2598.2,11.2,45.510086,-73.523506,4,4
728,88,147,2602.2,11.2,45.51012,-73.52352,4,4
729,88,147,2606.2,11.2,45.51016,-73.52354,4,4
730,88,147,2610.2,11.2,45.51019,-73.52355,4,4
731,88,147,2614.2,11.2,45.510223,-73.52356,4,4
732,88,147,2618.3,11.2,45.510258,-73.523575,4.1,4
733,88,146,2622.3,11.2,45.510292,-73.52358,4,4
734,88,145,2626.4,11.4,45.510326,-73.52359,4.1,4
735,88,145,2630.5,11.4,45.51036,-73.5236,4.1,4
736,88,145,2634.2,11.4,45.510395,-73.523605,3.7,4
737,88,145,2638.1,11.4,45.510426,-73.52361,3.9,4
738,88,144,2641.9,11.6,45.51046,-73.52363,3.8,4
739,88,144,2645.6,11.6,45.510494,-73.523636,3.7,4
740,90,144,2649.4,11.6,45.510532,-73.523636,3.8,4
741,90,144,2653.2,11.6,45.510567,-73.52365,3.8,4
742,90,143,2657.1,11.6,45.510597,-73.52366,3.9,4
743,89,143,2661,11.6,45.51063,-73.523674,3.9,4
744,89,143,2664.7,11.6,45.510666,-73.52368,3.7,4
745,89,143,2668.6,11.6,45.5107,-73.52369,3.9,4
746,89,143,2672.6,11.6,45.510735,-73.5237,4,4
747,89,143,2676.5,11.6,45.510765,-73.523705,3.9,4
748,89,143,2680.4,11.4,45.510803,-73.523705,3.9,4
749,89,143,2684.1,11.4,45.510834,-73.52372,3.7,4
750,89,143,2688.1,11.4,45.51087,-73.52373,4,4
751,89,143,2691.8,11.4,45.510902,-73.52374,3.7,4
752,89,142,2695.8,11.4,45.510937,-73.52375,4,4
753,89,142,2699.6,11.2,45.51097,-73.523766,3.8,4
754,89,142,2703.7,11.2,45.511005,-73.52378,4.1,4
755,89,142,2707.5,11.2,45.51104,-73.523796,3.8,4
756,89,142,2711.4,11.2,45.51107,-73.52381,3.9,4
757,89,142,2715.3,11.2,45.511105,-73.52382,3.9,4
758,89,141,2719.3,11.2,45.51114,-73.523834,4,4
759,89,141,2723.2,11.2,45.511173,-73.52384,3.9,4
760,89,141,2727.1,11.2,45.511208,-73.52385,3.9,4
761,89,141,2730.9,11.2,45.511242,-73.523865,3.8,4
762,89,140,2734.8,11.2,45.51128,-73.52388,3.9,4
763,89,140,2738.8,11.2,45.511314,-73.523895,4,4
764,89,140,2743,11.2,45.511345,-73.523926,4.2,4
765,90,140,2747.1,11.2,45.51138,-73.52395,4.1,4
766,90,140,2751,11.2,45.511414,-73.523964,3.9,4
767,90,140,2755.3,11.2,45.511448,-73.52399,4.3,4
768,89,140,2759.5,11.2,45.51148,-73.52401,4.2,4
769,89,140,2763.9,11.2,45.511513,-73.52403,4.4,4
770,89,140,2768,11.2,45.51155,-73.52405,4.1,4
771,89,140,2772.2,11.4,45.511585,-73.52406,4.2,4
772,89,141,2776.4,11.4,45.51162,-73.52406,4.2,4
773,90,141,2780.4,11.4,45.511654,-73.52408,4,4
774,89,142,2784.4,11.6,45.511692,-73.524086,4,4
775,89,142,2788.7,11.6,45.511723,-73.52409,4.3,4
776,89,142,2792.6,11.8,45.511757,-73.5241,3.9,4
777,89,142,2796.4,11.8,45.51179,-73.5241,3.8,4
778,89,143,2800,11.8,45.511826,-73.52412,3.6,4
779,89,143,2804,12,45.51186,-73.524124,4,4
780,89,143,2807.9,12,45.511894,-73.524124,3.9,4
781,90,143,2811.4,12.2,45.511932,-73.524124,3.5,4
782,89,143,2815.4,12.2,45.511967,-73.52413,4,4
783,90,143,2819.4,12.4,45.512005,-73.52414,4,4
784,90,143,2823.3,12.4,45.512043,-73.52415,3.9,4
785,90,143,2827.2,12.4,45.512077,-73.524155,3.9,4
786,90,143,2831.5,12.4,45.512115,-73.52417,4.3,4
787,90,143,2835.8,12.4,45.51215,-73.52418,4.3,4
788,90,142,2840,12.4,45.512188,-73.52419,4.2,4
789,90,142,2844.3,12.4,45.512222,-73.5242,4.3,4
790,90,142,2848.6,12.6,45.512257,-73.52421,4.3,4
791,89,142,2852.7,12.6,45.51229,-73.524216,4.1,4
792,89,142,2856.7,12.6,45.51232,-73.52422,4,4
793,89,142,2860.7,12.6,45.512356,-73.52423,4,4
794,89,142,2864.5,12.8,45.512383,-73.52423,3.8,4
795,89,142,2868.1,12.8,45.512417,-73.52424,3.6,4
796,89,142,2871.3,12.8,45.51245,-73.52424,3.2,4
797,89,142,2874.7,12.8,45.51248,-73.52425,3.4,4
798,89,141,2878.3,12.8,45.512516,-73.524254,3.6,4
799,89,141,2881.7,12.8,45.512547,-73.52427,3.4,4
800,89,141,2885.4,12.8,45.512585,-73.524284,3.7,4
801,89,142,2888.9,12.8,45.51262,-73.52429,3.5,4
802,89,143,2892.8,12.8,45.512653,-73.5243,3.9,4
803,89,144,2896.7,12.8,45.512688,-73.524315,3.9,4
804,89,145,2900.8,12.8,45.512722,-73.52432,4.1,4
805,89,145,2904.9,12.8,45.512756,-73.52433,4.1,4
806,89,145,2909.1,12.8,45.512787,-73.524345,4.2,4
807,89,146,2912.9,12.8,45.512825,-73.52435,3.8,4
808,89,146,2916.9,12.8,45.512856,-73.52436,4,4
809,89,146,2920.9,12.8,45.51289,-73.52437,4,4
810,89,146,2924.8,12.8,45.512924,-73.524376,3.9,4
811,89,147,2928.6,12.8,45.512962,-73.52438,3.8,4
812,90,147,2932.5,12.8,45.512997,-73.5244,3.9,4
813,89,148,2936.4,12.8,45.51303,-73.52441,3.9,4
814,89,147,2940.5,12.8,45.513065,-73.524414,4.1,4
815,89,147,2944.3,12.8,45.5131,-73.52442,3.8,4
816,89,147,2948.3,12.8,45.51313,-73.52444,4,4
817,89,147,2952.2,12.8,45.513165,-73.52445,3.9,4
818,89,146,2956,12.8,45.5132,-73.52447,3.8,4
819,89,146,2960.1,12.8,45.51323,-73.524475,4.1,4
820,89,146,2964,12.8,45.513264,-73.52448,3.9,4
821,89,146,2967.7,12.8,45.513298,-73.5245,3.7,4
822,89,146,2971.4,12.8,45.513332,-73.524506,3.7,4
823,89,145,2975.1,12.8,45.513367,-73.52451,3.7,4
824,90,145,2979.1,12.8,45.513397,-73.52452,4,4
825,89,145,2982.8,12.6,45.51343,-73.52453,3.7,4
826,89,144,2986.6,12.6,45.513466,-73.524536,3.8,4
827,89,144,2990.3,12.6,45.5135,-73.52454,3.7,4
828,89,144,2994.1,12.6,45.513535,-73.52455,3.8,4
829,90,144,2998,12.4,45.513565,-73.52456,3.9,4
830,90,144,3001.9,12.4,45.513603,-73.52457,3.9,4
831,90,144,3005.6,12.4,45.513638,-73.524574,3.7,4
832,89,144,3009.4,12.4,45.51367,-73.52458,3.8,4
833,89,144,3013.4,12.4,45.513702,-73.52458,4,4
834,89,144,3017.3,12.4,45.513737,-73.5246,3.9,4
835,89,144,3021.1,12.4,45.513775,-73.524605,3.8,4
836,89,145,3025,12.2,45.513805,-73.52461,3.9,4
837,89,145,3029,12.2,45.51384,-73.52462,4,4
838,90,144,3032.8,12.2,45.513874,-73.524635,3.8,4
839,89,142,3036.8,12.2,45.51391,-73.52465,4,4
840,90,142,3040.8,12.2,45.513947,-73.524666,4,4
841,89,141,3044.7,12,45.513977,-73.52468,3.9,4
842,89,140,3048.8,12,45.51401,-73.52469,4.1,4
843,89,139,3052.7,12,45.514046,-73.5247,3.9,4
844,89,138,3056.8,12,45.51408,-73.524704,4.1,4
845,89,138,3060.6,12,45.51411,-73.52471,3.8,4
846,89,138,3064.4,12,45.514145,-73.52473,3.8,4
847,89,137,3068.2,12.2,45.51418,-73.524734,3.8,4
848,89,137,3072.1,12.2,45.514214,-73.52475,3.9,4
849,89,136,3075.9,12.2,45.51425,-73.524765,3.8,4
850,89,136,3079.8,12.2,45.514286,-73.52477,3.9,4
851,89,136,3083.8,12.2,45.51432,-73.52478,4,4
852,89,137,3087.8,12.2,45.514355,-73.524796,4,4
853,89,137,3091.8,12.2,45.51439,-73.52481,4,4
854,89,138,3096,12.2,45.514423,-73.52482,4.2,4
855,89,138,3100,12.4,45.514458,-73.524826,4,4
856,89,139,3104.1,12.4,45.514492,-73.52483,4.1,4
857,89,140,3108.1,12.4,45.514526,-73.52484,4,4
858,89,142,3112.3,12.4,45.51456,-73.52485,4.2,4
859,89,142,3115.9,12.4,45.514595,-73.52486,3.6,4
860,89,142,3119.7,12.4,45.51463,-73.52487,3.8,4
861,89,143,3123.5,12.4,45.51466,-73.52489,3.8,4
862,89,143,3127.2,12.6,45.514694,-73.52489,3.7,4
863,89,143,3131.1,12.6,45.51473,-73.5249,3.9,4
864,89,144,3135,12.8,45.514767,-73.52494,3.9,4
865,89,144,3139,12.8,45.5148,-73.52498,4,4
866,89,144,3143.2,12.8,45.514835,-73.52499,4.2,4
867,89,145,3147.7,13,45.514874,-73.525,4.5,4
868,89,145,3152.2,13.2,45.51491,-73.52502,4.5,4
869,89,145,3156.9,13.2,45.51495,-73.525024,4.7,4
870,89,145,3161.1,13.2,45.51498,-73.52503,4.2,4
871,89,144,3165.5,13.4,45.515015,-73.52503,4.4,4
872,89,144,3169.6,13.4,45.51505,-73.52504,4.1,4
873,89,143,3173.7,13.6,45.515083,-73.52505,4.1,4
874,89,143,3177.7,13.8,45.515118,-73.52506,4,4
875,89,143,3181.2,13.8,45.515152,-73.52508,3.5,4
876,89,143,3184.8,13.8,45.515186,-73.525085,3.6,4
877,90,143,3188.7,13.8,45.51522,-73.52509,3.9,4
878,89,142,3192.4,13.8,45.51526,-73.52511,3.7,4
879,89,142,3196.2,13.8,45.515293,-73.52512,3.8,4
880,89,142,3200.2,13.8,45.515327,-73.52513,4,4
881,89,142,3204.3,13.8,45.51536,-73.52515,4.1,4
882,89,142,3208.6,13.8,45.515396,-73.52515,4.3,4
883,89,142,3212.6,13.8,45.51543,-73.525154,4,4
884,90,142,3216.7,13.8,45.515465,-73.52516,4.1,4
885,90,142,3220.6,13.8,45.5155,-73.525185,3.9,4
886,90,143,3224.5,13.8,45.515533,-73.52519,3.9,4
887,90,143,3228.3,13.8,45.515564,-73.5252,3.8,4
888,89,144,3232.1,13.8,45.5156,-73.5252,3.8,4
889,89,145,3235.8,13.8,45.51563,-73.5252,3.7,4
890,89,145,3239.6,13.8,45.515663,-73.52521,3.8,4
891,90,145,3242.9,13.8,45.515697,-73.525215,3.3,4
892,90,146,3246.7,13.8,45.51573,-73.52523,3.8,4
893,90,146,3250.4,13.6,45.515766,-73.52524,3.7,4
894,89,146,3254.3,13.6,45.5158,-73.525246,3.9,4
895,89,146,3258,13.4,45.515835,-73.52526,3.7,4
896,89,146,3262,13.4,45.51587,-73.52527,4,4
897,89,146,3265.9,13.2,45.515903,-73.525276,3.9,4
898,89,146,3269.8,13.2,45.515938,-73.52528,3.9,4
899,89,145,3273.8,13.2,45.515972,-73.5253,4,4
900,86,145,3278,13,45.516003,-73.525314,4.2,4
901,86,145,3281.9,13,45.51603,-73.52532,3.9,4
902,86,145,3285.6,12.8,45.51605,-73.52532,3.7,4
903,86,147,3288.8,12.8,45.516064,-73.52533,3.2,4
904,86,148,3291.4,12.8,45.51607,-73.52533,2.6,4
905,86,148,3292.4,12.6,45.516087,-73.52534,1,4
906,86,148,3293.2,12.6,45.516098,-73.525345,0.8,4
907,74,147,3294.3,12.4,45.51611,-73.525345,1.1,4
908,68,145,3295.2,12.4,45.516117,-73.52535,0.9,4
909,65,144,3295.7,12.4,45.51613,-73.52535,0.5,4
910,63,144,3295.9,12.4,45.516144,-73.52536,0.2,4
911,62,144,3296.2,12.4,45.516155,-73.52536,0.3,4
912,61,144,3296.8,12.2,45.516167,-73.52537,0.6,4
913,62,144,3297.6,12.2,45.516174,-73.52537,0.8,4
914,62,144,3298.7,12.2,45.51618,-73.52536,1.1,4
915,62,144,3299.9,12,45.51618,-73.525345,1.2,4
916,62,144,3300.3,12,45.51617,-73.52534,0.4,4
917,62,143,3300.8,12,45.516167,-73.52532,0.5,4
918,62,139,3301.2,12,45.516167,-73.525314,0.4,4
919,62,136,3301.9,12,45.516167,-73.52531,0.7,4
920,62,136,3302.1,12,45.51617,-73.52529,0.2,4
921,62,135,3302.1,12,45.51617,-73.52528,0,4
922,62,133,3302.1,12,45.51617,-73.525276,0,4
923,62,132,3302.8,12,45.51617,-73.52527,0.7,4
924,62,132,3303.9,12,45.516174,-73.52527,1.1,4
925,58,132,3304.6,12,45.51618,-73.52526,0.7,4
926,58,132,3304.9,12,45.516174,-73.52526,0.3,4
927,60,129,3304.9,12.2,45.516174,-73.52526,0,4
928,60,125,3304.9,12.2,45.516174,-73.52526,0,4
929,60,126,3304.9,12.2,45.516174,-73.52526,0,4
930,60,126,3304.9,12.2,45.516174,-73.52526,0,4
931,60,126,3304.9,12.2,45.516174,-73.52526,0,4
932,60,127,3304.9,12.2,45.516174,-73.52526,0,4
933,60,126,3304.9,12.2,45.516174,-73.52526,0,4
934,60,126,3304.9,12.2,45.516174,-73.52526,0,4
935,0,126,3304.9,12.4,45.516174,-73.52526,0,4
936,0,126,3304.9,12.4,45.516174,-73.52526,0,4
937,0,125,3304.9,12.4,45.516174,-73.52526,0,4
938,0,121,3304.9,12.4,45.516174,-73.52526,0,4
939,0,118,3304.9,12.4,45.516174,-73.52526,0,4
940,0,118,3304.9,12.4,45.516174,-73.52526,0,4
941,0,116,3304.9,12.4,45.516174,-73.52526,0,4
942,0,115,3304.9,12.4,45.516174,-73.52526,0,4
943,0,115,3304.9,12.4,45.51618,-73.52526,0,4
944,0,116,3304.9,12.4,45.51618,-73.52525,0,4
945,0,116,3304.9,12.4,45.51618,-73.52525,0,4
946,0,116,3304.9,12.4,45.51618,-73.52525,0,4
947,0,113,3304.9,12.4,45.51618,-73.52525,0,4
948,0,112,3304.9,12.4,45.51618,-73.52525,0,4
949,0,112,3304.9,12.4,45.51618,-73.52525,0,4
950,0,112,3304.9,12.4,45.51618,-73.52525,0,4
951,0,111,3304.9,12.4,45.51618,-73.52525,0,4
952,0,111,3304.9,12.4,45.51618,-73.52525,0,4
953,0,111,3304.9,12.6,45.51618,-73.52525,0,4
954,0,111,3304.9,12.6,45.51618,-73.52525,0,4
955,0,111,3304.9,12.6,45.51618,-73.52525,0,4
956,0,111,3304.9,12.6,45.51618,-73.52525,0,4
957,0,111,3304.9,12.6,45.51618,-73.52525,0,4
958,22,111,3304.9,12.6,45.51618,-73.52525,0,4
959,35,111,3304.9,12.6,45.51618,-73.52525,0,4
960,42,111,3304.9,12.6,45.51618,-73.52525,0,4
961,42,111,3304.9,12.6,45.51618,-73.52525,0,4
962,53,110,3304.9,12.6,45.51617,-73.52527,0,4
963,58,109,3304.9,12.6,45.516167,-73.525276,0,4
964,58,109,3304.9,12.6,45.51616,-73.52528,0,4
965,58,109,3304.9,12.6,45.51616,-73.52529,0,4
966,58,108,3304.9,12.6,45.516155,-73.5253,0,4
967,61,108,3304.9,12.6,45.516155,-73.52531,0,4
968,61,107,3304.9,12.6,45.516155,-73.52532,0,4
969,61,106,3304.9,12.6,45.51615,-73.52534,0,4
970,60,106,3305.6,12.6,45.51615,-73.52535,0.7,4
971,59,106,3307.1,12.6,45.516148,-73.52536,1.5,4
972,59,106,3307.5,12.6,45.516148,-73.52536,0.4,4
973,55,106,3307.5,12.8,45.516148,-73.52535,0,4
974,51,106,3307.5,12.8,45.516148,-73.52535,0,4
975,51,106,3307.5,12.8,45.516148,-73.52535,0,4
976,49,107,3307.5,12.8,45.516148,-73.52535,0,4
977,49,107,3307.5,12.8,45.516148,-73.52535,0,4
978,47,107,3307.5,12.8,45.516148,-73.52535,0,4
979,47,107,3307.5,12.8,45.516148,-73.52535,0,4
980,47,107,3307.5,12.8,45.516148,-73.52535,0,4
981,47,107,3307.5,12.8,45.516148,-73.52535,0,4
982,47,107,3307.5,12.8,45.516148,-73.52535,0,4
983,47,106,3307.5,12.6,45.516148,-73.52535,0,4
984,47,106,3307.5,12.6,45.516148,-73.52535,0,4
985,47,106,3307.5,12.6,45.516148,-73.525345,0,4
986,47,106,3307.5,12.6,45.516148,-73.525345,0,4
987,47,106,3307.5,12.4,45.516148,-73.525345,0,4
988,47,107,3307.5,12.4,45.516148,-73.525345,0,4
989,47,107,3307.5,12.4,45.516148,-73.525345,0,4
990,49,107,3307.5,12.4,45.516148,-73.525345,0,4
991,49,107,3307.5,12.4,45.516148,-73.525345,0,4
992,49,108,3307.5,12.4,45.516148,-73.525345,0,4
993,50,107,3307.5,12.4,45.516148,-73.525345,0,4
994,50,107,3307.5,12.2,45.516148,-73.525345,0,4
995,50,107,3307.5,12.2,45.516148,-73.525345,0,4
996,52,107,3307.5,12.2,45.516148,-73.525345,0,4
997,57,107,3307.5,12,45.516148,-73.525345,0,4
998,59,107,3307.5,12,45.516148,-73.525345,0,4
999,59,107,3307.5,12,45.516148,-73.525345,0,4
1000,59,107,3307.5,11.8,45.516148,-73.525345,0,4
1001,60,108,3307.5,11.8,45.516148,-73.525345,0,4
1002,61,108,3307.5,11.8,45.51615,-73.525345,0,4
1003,61,108,3307.5,11.8,45.51615,-73.525345,0,4
1004,61,109,3307.5,11.8,45.51615,-73.525345,0,4
1005,56,109,3307.5,11.8,45.51615,-73.525345,0,4
1006,56,110,3307.5,11.6,45.51615,-73.525345,0,4
1007,56,110,3307.5,11.6,45.51615,-73.525345,0,4
1008,53,111,3307.5,11.6,45.51615,-73.525345,0,4
1009,51,110,3307.5,11.4,45.51615,-73.525345,0,4
1010,50,110,3307.5,11.4,45.51615,-73.525345,0,4
1011,50,110,3307.5,11.4,45.51615,-73.525345,0,4
1012,49,110,3307.5,11.4,45.51615,-73.525345,0,4
1013,49,111,3307.5,11.2,45.51615,-73.525345,0,4
1014,50,111,3307.5,11.2,45.51615,-73.525345,0,4
1015,49,111,3307.5,11.2,45.51615,-73.525345,0,4
1016,49,111,3307.5,11.2,45.51615,-73.525345,0,4
1017,50,112,3307.5,11.2,45.516155,-73.525345,0,4
1018,50,112,3307.5,11.2,45.51616,-73.525345,0,4
1019,47,112,3307.5,11.2,45.51616,-73.525345,0,4
1020,47,112,3307.5,11.2,45.51616,-73.525345,0,4
1021,44,113,3307.5,11.2,45.51616,-73.525345,0,4
1022,44,113,3307.5,11.2,45.51616,-73.525345,0,4
1023,44,112,3307.5,11,45.51616,-73.525345,0,4
1024,46,111,3307.5,11,45.51616,-73.525345,0,4
1025,54,111,3307.5,11,45.51616,-73.525345,0,4
1026,62,111,3307.5,11,45.51616,-73.525345,0,4
1027,66,111,3307.5,11,45.51616,-73.525345,0,4
1028,66,109,3307.5,11,45.51616,-73.525345,0,4
1029,66,109,3307.5,11,45.51616,-73.525345,0,4
1030,66,109,3307.5,10.8,45.51616,-73.525345,0,4
1031,66,108,3307.5,10.8,45.51616,-73.525345,0,4
1032,66,107,3307.5,10.8,45.51616,-73.525345,0,4
1033,64,107,3307.5,10.8,45.51616,-73.525345,0,4
1034,64,107,3307.5,10.8,45.516155,-73.525345,0,4
1035,64,107,3307.5,10.8,45.516155,-73.525345,0,4
1036,63,107,3307.5,10.6,45.516155,-73.525345,0,4
1037,63,107,3307.5,10.6,45.516155,-73.525345,0,4
1038,64,106,3307.5,10.6,45.51615,-73.525345,0,4
1039,64,106,3307.5,10.6,45.51615,-73.525345,0,4
1040,64,106,3307.5,10.6,45.51615,-73.525345,0,4
1041,64,106,3307.5,10.6,45.51615,-73.525345,0,4
1042,64,106,3307.5,10.6,45.51615,-73.525345,0,4
1043,64,105,3307.5,10.4,45.51615,-73.525345,0,4
1044,64,105,3307.5,10.4,45.51615,-73.525345,0,4
1045,64,104,3307.5,10.4,45.51615,-73.525345,0,4
1046,63,103,3307.5,10.4,45.51615,-73.52534,0,4
1047,63,103,3307.5,10.2,45.51615,-73.52534,0,4
1048,62,102,3307.5,10.2,45.51615,-73.52534,0,4
1049,59,102,3307.5,10.2,45.51615,-73.52534,0,4
1050,59,103,3307.5,10.2,45.51615,-73.52534,0,4
1051,59,104,3307.5,10.2,45.51615,-73.52534,0,4
1052,59,104,3307.5,10,45.51615,-73.52534,0,4
1053,53,105,3307.5,10,45.51615,-73.52533,0,4
1054,53,108,3307.5,10,45.516155,-73.52533,0,4
1055,50,109,3307.5,10,45.516155,-73.52533,0,4
1056,51,109,3307.5,10,45.516155,-73.52533,0,4
1057,52,109,3307.5,10,45.516155,-73.52533,0,4
1058,55,110,3307.5,10,45.516155,-73.52533,0,4
1059,57,111,3307.5,10,45.516155,-73.52533,0,4
1060,58,111,3307.5,10,45.516155,-73.52533,0,4
1061,58,112,3307.5,10,45.516155,-73.52533,0,4
1062,58,112,3307.5,10,45.516155,-73.52533,0,4
1063,58,112,3307.5,9.8,45.516155,-73.52533,0,4
1064,58,114,3307.5,9.8,45.516155,-73.52533,0,4
1065,58,114,3307.5,9.8,45.516155,-73.52533,0,4
1066,58,114,3307.5,9.8,45.516155,-73.52533,0,4
1067,58,114,3307.5,9.8,45.516155,-73.52533,0,4
1068,58,115,3307.5,9.8,45.516155,-73.52533,0,4
1069,58,115,3307.5,9.8,45.516155,-73.52533,0,4
1070,58,116,3307.5,9.8,45.516155,-73.52533,0,4
1071,58,116,3307.5,9.8,45.516155,-73.52533,0,4
1072,58,116,3307.5,9.6,45.516155,-73.52533,0,4
1073,58,117,3307.5,9.6,45.516155,-73.52533,0,4
1074,58,117,3307.5,9.6,45.516155,-73.52533,0,4
1075,58,118,3307.5,9.6,45.516155,-73.52533,0,4
1076,58,119,3307.5,9.6,45.516155,-73.52533,0,4
1077,58,119,3307.5,9.6,45.51615,-73.52533,0,4
1078,58,119,3307.5,9.6,45.51615,-73.52533,0,4
1079,58,120,3307.5,9.6,45.51615,-73.52533,0,4
1080,58,120,3307.5,9.6,45.51615,-73.52533,0,4
1081,58,120,3307.5,9.6,45.51615,-73.52533,0,4
1082,58,120,3307.5,9.4,45.51615,-73.52533,0,4
1083,58,118,3307.5,9.4,45.51615,-73.52533,0,4
1084,56,117,3307.5,9.4,45.51615,-73.52533,0,4
1085,56,118,3307.5,9.4,45.51615,-73.52533,0,4
1086,56,119,3307.5,9.4,45.51615,-73.52533,0,4
1087,56,119,3307.5,9.4,45.51615,-73.52533,0,4
1088,55,117,3307.5,9.4,45.51615,-73.52533,0,4
1089,55,113,3307.5,9.4,45.516148,-73.52533,0,4
1090,52,111,3307.5,9.4,45.516148,-73.52533,0,4
1091,52,110,3307.5,9.4,45.516148,-73.52533,0,4
1092,52,110,3307.5,9.4,45.516148,-73.52533,0,4
1093,52,109,3307.5,9.4,45.516148,-73.52533,0,4
1094,52,107,3307.5,9.4,45.516148,-73.52533,0,4
1095,52,106,3307.5,9.4,45.516148,-73.52533,0,4
1096,52,106,3307.5,9.4,45.516148,-73.52533,0,4
1097,52,106,3307.5,9.4,45.516148,-73.52533,0,4
1098,52,106,3307.5,9.4,45.516148,-73.52533,0,4
1099,52,103,3307.5,9.2,45.516148,-73.52533,0,4
1100,52,101,3307.5,9.2,45.516148,-73.52533,0,4
1101,47,99,3307.5,9.2,45.516148,-73.52533,0,4
1102,47,99,3307.5,9.2,45.516148,-73.52534,0,4
1103,47,99,3307.5,9.2,45.516148,-73.52534,0,4
1104,47,100,3307.5,9.2,45.516148,-73.52534,0,4
1105,47,100,3307.5,9.2,45.516148,-73.52534,0,4
1106,47,99,3307.5,9.2,45.516148,-73.52534,0,4
1107,47,99,3307.5,9.2,45.516148,-73.525345,0,4
1108,47,98,3307.5,9.2,45.516148,-73.52535,0,4
1109,47,97,3307.5,9.2,45.516148,-73.52536,0,4
1110,47,97,3307.5,9.4,45.516148,-73.52536,0,4
1111,47,96,3307.5,9.4,45.51615,-73.52536,0,4
1112,47,96,3307.5,9.4,45.51615,-73.52537,0,4
1113,47,95,3307.5,9.4,45.51615,-73.52537,0,4
1114,47,92,3307.5,9.4,45.51616,-73.52537,0,4
1115,47,91,3307.5,9.4,45.51618,-73.525375,0,4
1116,47,89,3307.5,9.4,45.516197,-73.52538,0,4
1117,47,89,3307.8,9.4,45.516212,-73.52538,0.3,4
1118,47,88,3308.4,9.4,45.51623,-73.52538,0.6,4
1119,44,85,3310.2,9.4,45.516247,-73.52538,1.8,4
1120,44,85,3312.4,9.6,45.516262,-73.52538,2.2,4
1121,43,85,3314.7,9.6,45.516273,-73.52538,2.3,4
1122,43,85,3317,9.6,45.516285,-73.52539,2.3,4
1123,43,85,3319.4,9.6,45.5163,-73.5254,2.4,4
1124,43,86,3321.6,9.6,45.516308,-73.525406,2.2,4
1125,43,86,3323.8,9.6,45.516315,-73.525406,2.2,4
1126,43,87,3324.7,9.6,45.516323,-73.525406,0.9,4
1127,43,87,3325.5,9.6,45.51633,-73.525406,0.8,4
1128,43,87,3326.1,9.4,45.51634,-73.525406,0.6,4
1129,43,88,3326.8,9.4,45.51635,-73.525406,0.7,4
1130,43,89,3327.4,9.4,45.516354,-73.52541,0.6,4
1131,52,89,3328.1,9.4,45.516357,-73.52541,0.7,4
1132,52,89,3328.7,9.4,45.51636,-73.52541,0.6,4
1133,52,90,3329,9.4,45.51636,-73.525406,0.3,4
1134,51,90,3329,9.2,45.516354,-73.5254,0,4
1135,51,90,3329,9.2,45.516346,-73.5254,0,4
1136,51,90,3329.1,9.2,45.51634,-73.5254,0.1,4
1137,58,90,3329.5,9.2,45.51633,-73.5254,0.4,4
1138,62,89,3329.8,9.2,45.516327,-73.5254,0.3,4
1139,62,88,3329.8,9.2,45.51632,-73.525406,0,4
1140,62,88,3329.8,9,45.516315,-73.525406,0,4
1141,62,88,3330.4,9,45.51631,-73.52541,0.6,4
1142,62,88,3331.4,8.8,45.516308,-73.52541,1,4
1143,62,87,3332.6,8.8,45.516304,-73.52541,1.2,4
1144,62,88,3332.6,8.8,45.516304,-73.52541,0,4
1145,62,88,3332.6,8.6,45.516304,-73.52541,0,4
1146,62,88,3332.6,8.6,45.516304,-73.52541,0,4
1147,62,88,3332.6,8.6,45.516304,-73.52541,0,4
1148,59,88,3332.6,8.6,45.516304,-73.52541,0,4
1149,59,87,3332.6,8.6,45.516304,-73.52541,0,4
1150,55,87,3332.6,8.6,45.516304,-73.52541,0,4
1151,53,87,3332.6,8.4,45.516304,-73.52541,0,4
1152,53,87,3332.6,8.4,45.516304,-73.52541,0,4
1153,53,88,3332.6,8.4,45.516304,-73.52541,0,4
1154,52,89,3332.6,8.2,45.516304,-73.52541,0,4
1155,51,90,3332.6,8.2,45.516304,-73.525406,0,4
1156,51,90,3332.6,8,45.516304,-73.525406,0,4
1157,51,90,3332.6,8,45.516308,-73.525406,0,4
1158,51,90,3332.6,8,45.516308,-73.525406,0,4
1159,51,91,3332.6,8,45.516308,-73.525406,0,4
1160,51,91,3332.6,8,45.516308,-73.5254,0,4
1161,51,91,3332.6,7.8,45.516308,-73.5254,0,4
1162,51,91,3332.6,7.8,45.516308,-73.5254,0,4
1163,51,91,3332.6,7.8,45.516308,-73.5254,0,4
1164,51,91,3332.6,7.6,45.516308,-73.5254,0,4
1165,51,92,3332.6,7.6,45.516308,-73.5254,0,4
1166,51,93,3332.6,7.6,45.516308,-73.5254,0,4
1167,51,93,3332.6,7.4,45.516308,-73.5254,0,4
1168,51,93,3332.6,7.4,45.516308,-73.5254,0,4
1169,51,94,3332.6,7.4,45.516308,-73.5254,0,4
1170,51,94,3332.6,7.4,45.516308,-73.5254,0,4
1171,51,94,3332.6,7.4,45.516308,-73.5254,0,4
1172,52,94,3332.6,7.4,45.516308,-73.5254,0,4
1173,54,93,3332.6,7.4,45.516308,-73.5254,0,4
1174,56,93,3332.6,7.4,45.516308,-73.5254,0,4
1175,56,93,3332.6,7.2,45.51631,-73.5254,0,4
1176,56,93,3332.6,7.2,45.51631,-73.5254,0,4
1177,56,93,3332.6,7.2,45.51631,-73.52539,0,4
1178,56,93,3332.6,7.2,45.51631,-73.52539,0,4
1179,56,95,3332.6,7,45.51631,-73.52539,0,4
1180,54,96,3332.6,7,45.51631,-73.52539,0,4
1181,52,97,3332.6,7,45.51631,-73.52539,0,4
1182,52,97,3332.6,7,45.51631,-73.52539,0,4
1183,51,97,3332.6,7,45.51631,-73.52539,0,4
1184,51,97,3332.6,7,45.51631,-73.52539,0,4
1185,51,98,3332.6,6.8,45.516315,-73.52539,0,4
1186,51,98,3332.6,6.8,45.516315,-73.52539,0,4
1187,52,98,3332.6,6.8,45.51632,-73.52539,0,4
1188,52,99,3332.6,6.8,45.51632,-73.52539,0,4
1189,52,99,3332.6,6.8,45.51632,-73.52539,0,4
1190,52,99,3332.6,6.8,45.51632,-73.52539,0,4
1191,52,100,3332.6,6.8,45.51632,-73.52539,0,4
1192,52,100,3332.6,6.8,45.51631,-73.52539,0,4
1193,52,100,3332.6,6.8,45.516296,-73.52538,0,4
1194,52,101,3332.6,6.8,45.51628,-73.525375,0,4
1195,52,101,3332.6,6.8,45.516262,-73.52537,0,4
1196,51,102,3333.2,6.8,45.51624,-73.52536,0.6,4
1197,51,102,3335.1,6.8,45.51622,-73.52535,1.9,4
1198,50,102,3337.7,6.8,45.516193,-73.525345,2.6,4
1199,51,102,3340.6,6.8,45.516167,-73.52534,2.9,4
1200,81,102,3344.1,6.8,45.51613,-73.52532,3.5,4
1201,87,102,3348.5,6.8,45.516087,-73.52531,4.4,4
1202,92,102,3353.9,6.8,45.51604,-73.52529,5.4,4
1203,93,103,3359.6,6.8,45.515995,-73.52528,5.7,4
1204,93,105,3365.2,6.8,45.515953,-73.52527,5.6,4
1205,93,105,3370.9,6.8,45.515907,-73.52525,5.7,4
1206,93,104,3377,6.8,45.51586,-73.52524,6.1,4
1207,93,104,3383,6.8,45.515816,-73.52523,6,4
1208,93,103,3389.3,6.8,45.515766,-73.525215,6.3,4
1209,93,102,3395.7,7,45.51572,-73.5252,6.4,4
1210,95,105,3401.9,7,45.515675,-73.525185,6.2,4
1211,96,108,3407.6,7.2,45.515625,-73.52517,5.7,4
1212,96,108,3413.2,7.2,45.515575,-73.52515,5.6,4
1213,96,106,3418.8,7.4,45.51553,-73.52513,5.6,4
1214,96,106,3424.6,7.4,45.51548,-73.525116,5.8,4
1215,96,109,3430.2,7.4,45.51543,-73.5251,5.6,4
1216,96,112,3435.9,7.6,45.51538,-73.525085,5.7,4
1217,96,112,3441.7,7.8,45.515327,-73.52506,5.8,4
1218,96,114,3447.6,8,45.515278,-73.52504,5.9,4
1219,96,117,3453.6,8,45.51523,-73.525024,6,4
1220,96,117,3459.5,8.2,45.515167,-73.525,5.9,4
1221,96,117,3465.6,8.4,45.515114,-73.52499,6.1,4
1222,96,117,3472.4,8.6,45.51506,-73.52496,6.8,4
1223,96,118,3478.8,8.6,45.515007,-73.52495,6.4,4
1224,96,121,3485.4,8.8,45.514965,-73.52494,6.6,4
1225,99,122,3491.6,9,45.51492,-73.524925,6.2,4
1226,99,125,3497.3,9.2,45.514874,-73.52492,5.7,4
1227,97,125,3502.6,9.2,45.514835,-73.5249,5.3,4
1228,97,127,3507.8,9.4,45.51479,-73.52489,5.2,4
1229,97,129,3512.7,9.6,45.514744,-73.52487,4.9,4
1230,97,131,3517.7,9.8,45.514698,-73.52486,5,4
1231,97,133,3522,10,45.51465,-73.52483,4.3,4
1232,95,133,3526.8,10,45.514603,-73.52482,4.8,4
1233,94,136,3531.6,10.2,45.514557,-73.524796,4.8,4
1234,94,138,3536.7,10.4,45.514503,-73.52478,5.1,4
1235,94,141,3542.2,10.6,45.514458,-73.524765,5.5,4
1236,94,143,3548.2,10.6,45.51441,-73.52474,6,4
1237,94,143,3553.7,10.8,45.51436,-73.52473,5.5,4
1238,94,145,3559.8,11,45.514313,-73.524704,6.1,4
1239,94,148,3565.5,11.2,45.514263,-73.52469,5.7,4
1240,95,149,3571.3,11.2,45.514217,-73.52467,5.8,4
1241,95,150,3577.1,11.4,45.51417,-73.52466,5.8,4
1242,96,150,3582.5,11.8,45.514122,-73.52464,5.4,4
1243,94,151,3588.1,11.8,45.514065,-73.524635,5.6,4
1244,94,152,3593.7,12,45.51403,-73.52462,5.6,4
1245,94,153,3599.2,12.4,45.51398,-73.524605,5.5,4
1246,94,153,3604.1,12.4,45.51392,-73.52459,4.9,4
1247,94,153,3609.6,12.6,45.513874,-73.524574,5.5,4
1248,94,154,3615.7,12.8,45.51382,-73.52457,6.1,4
1249,94,154,3621.2,13,45.513763,-73.52456,5.5,4
1250,94,154,3627.1,13.2,45.513714,-73.52454,5.9,4
1251,94,154,3633.5,13.2,45.513664,-73.52453,6.4,4
1252,94,154,3639.5,13.4,45.513615,-73.52451,6,4
1253,94,154,3645.4,13.4,45.513565,-73.5245,5.9,4
1254,95,155,3651.2,13.6,45.513523,-73.52449,5.8,4
1255,94,155,3657.5,13.6,45.513474,-73.524475,6.3,4
1256,95,155,3662.9,13.8,45.513435,-73.524475,5.4,4
1257,96,155,3667.8,13.8,45.513393,-73.52446,4.9,4
1258,96,156,3672.5,13.8,45.51334,-73.524445,4.7,4
1259,96,156,3677.3,13.8,45.513287,-73.52443,4.8,4
1260,96,155,3682.5,13.8,45.51324,-73.524414,5.2,4
1261,94,156,3687.9,13.8,45.513195,-73.5244,5.4,4
1262,94,156,3693.2,13.8,45.513138,-73.52438,5.3,4
1263,94,157,3698.4,13.8,45.51309,-73.52437,5.2,4
1264,96,158,3704.5,13.8,45.51304,-73.52435,6.1,4
1265,96,158,3710.3,13.8,45.51299,-73.52434,5.8,4
1266,96,159,3716,13.8,45.512943,-73.52432,5.7,4
1267,96,159,3722.5,13.8,45.512894,-73.52431,6.5,4
1268,95,159,3728.5,13.8,45.512844,-73.52429,6,4
1269,94,159,3733.9,13.8,45.5128,-73.52428,5.4,4
1270,94,159,3739.4,13.8,45.512756,-73.52426,5.5,4
1271,94,159,3745,13.8,45.512707,-73.52424,5.6,4
1272,94,159,3750.2,13.8,45.51265,-73.524216,5.2,4
1273,94,159,3755.3,13.8,45.5126,-73.5242,5.1,4
1274,95,160,3761.5,13.8,45.51255,-73.524185,6.2,4
1275,94,160,3767.1,13.8,45.5125,-73.52416,5.6,4
1276,96,161,3772.8,13.8,45.51245,-73.52414,5.7,4
1277,96,161,3778.7,13.8,45.5124,-73.524124,5.9,4
1278,96,161,3784.7,13.8,45.512352,-73.52411,6,4
1279,96,161,3790.6,13.8,45.512302,-73.52409,5.9,4
1280,96,161,3796.4,13.8,45.512253,-73.52408,5.8,4
1281,96,161,3802.6,13.8,45.512203,-73.52406,6.2,4
1282,96,161,3808.4,13.8,45.51215,-73.52404,5.8,4
1283,96,161,3813.6,13.8,45.5121,-73.52402,5.2,4
1284,96,161,3819.6,13.8,45.512047,-73.524,6,4
1285,96,162,3825.5,13.8,45.512005,-73.52399,5.9,4
1286,96,161,3831.3,13.8,45.511955,-73.52398,5.8,4
1287,96,161,3836.7,13.8,45.511913,-73.523964,5.4,4
1288,94,160,3842.1,13.8,45.511864,-73.52395,5.4,4
1289,94,159,3847.4,13.8,45.511818,-73.52393,5.3,4
1290,94,159,3852.9,13.8,45.51177,-73.52392,5.5,4
1291,95,159,3858.2,14,45.511715,-73.5239,5.3,4
1292,95,159,3863.8,14,45.511677,-73.52389,5.6,4
1293,95,158,3869,14.2,45.51163,-73.52388,5.2,4
1294,94,158,3873.7,14.2,45.511574,-73.52386,4.7,4
1295,95,158,3878.8,14.2,45.51154,-73.52386,5.1,4
1296,94,158,3884.7,14.4,45.511505,-73.52385,5.9,4
1297,94,158,3889.1,14.4,45.511467,-73.52385,4.4,4
1298,94,158,3893.5,14.4,45.51142,-73.52384,4.4,4
1299,94,158,3897.7,14.4,45.51137,-73.52382,4.2,4
1300,94,158,3902.6,14.4,45.511322,-73.5238,4.9,4
1301,94,158,3907.5,14.4,45.511276,-73.523796,4.9,4
1302,94,158,3912.4,14.4,45.51122,-73.52378,4.9,4
1303,95,159,3917.9,14.4,45.51117,-73.523766,5.5,4
1304,95,159,3923.9,14.4,45.51113,-73.523766,6,4
1305,96,160,3928.7,14.4,45.511078,-73.52375,4.8,4
1306,95,160,3934.5,14.4,45.51103,-73.52374,5.8,4
1307,96,160,3940.8,14.4,45.510986,-73.523735,6.3,4
1308,96,160,3946.9,14.4,45.510937,-73.52372,6.1,4
1309,96,161,3952.3,14.4,45.510895,-73.523705,5.4,4
1310,95,161,3957.5,14.4,45.51085,-73.5237,5.2,4
1311,94,161,3962.7,14.4,45.5108,-73.52368,5.2,4
1312,95,161,3968,14.4,45.510757,-73.52367,5.3,4
1313,94,161,3972.7,14.4,45.510723,-73.52366,4.7,4
1314,95,162,3977.6,14.4,45.510674,-73.52365,4.9,4
1315,94,162,3982.5,14.4,45.51062,-73.52363,4.9,4
1316,96,162,3987.3,14.4,45.51058,-73.52361,4.8,4
1317,96,162,3992.7,14.4,45.51053,-73.5236,5.4,4
1318,96,162,3998,14.4,45.510475,-73.52358,5.3,4
1319,96,161,4003.5,14.4,45.510426,-73.52357,5.5,4
1320,96,161,4009.3,14.4,45.510376,-73.52355,5.8,4
1321,95,161,4015.1,14.4,45.51033,-73.523544,5.8,4
1322,95,161,4020.7,14.4,45.510284,-73.523544,5.6,4
1323,95,160,4026.3,14.2,45.51024,-73.52354,5.6,4
1324,96,159,4032.4,14.2,45.51019,-73.52353,6.1,4
1325,96,160,4037.9,14.2,45.510143,-73.52352,5.5,4
1326,96,160,4043.1,14.2,45.510098,-73.523506,5.2,4
1327,96,160,4048.3,14.2,45.51005,-73.5235,5.2,4
1328,95,160,4053.2,14,45.510006,-73.523476,4.9,4
1329,95,161,4058.2,14,45.50996,-73.52346,5,4
1330,95,161,4063.3,14,45.509914,-73.52345,5.1,4
1331,96,161,4068.5,13.8,45.509865,-73.52344,5.2,4
1332,96,161,4073.6,13.8,45.509815,-73.52342,5.1,4
1333,96,161,4079.1,13.8,45.509766,-73.52341,5.5,4
1334,96,162,4084.8,13.8,45.509716,-73.523384,5.7,4
1335,95,162,4090.4,13.8,45.509666,-73.52336,5.6,4
1336,95,162,4096.4,13.6,45.509617,-73.523346,6,4
1337,95,162,4102.4,13.6,45.50957,-73.52333,6,4
1338,96,163,4108.3,13.6,45.509525,-73.523315,5.9,4
1339,96,164,4113.8,13.4,45.509476,-73.52329,5.5,4
1340,96,164,4119.4,13.4,45.509426,-73.52328,5.6,4
1341,96,164,4125.4,13.2,45.509377,-73.52326,6,4
1342,95,164,4131.1,13.2,45.509323,-73.52324,5.7,4
1343,94,164,4136.7,13.2,45.509274,-73.523224,5.6,4
1344,94,163,4142.4,13.2,45.509224,-73.52321,5.7,4
1345,94,163,4148,13.2,45.50918,-73.52319,5.6,4
1346,95,163,4153.7,13,45.50913,-73.52317,5.7,4
1347,94,163,4159.4,13,45.50908,-73.523155,5.7,4
1348,94,163,4165.2,13,45.50903,-73.52314,5.8,4
1349,94,163,4171.2,13,45.50898,-73.52312,6,4
1350,94,163,4177,13,45.50893,-73.52311,5.8,4
1351,94,163,4182.7,12.8,45.508884,-73.523094,5.7,4
1352,94,163,4188.2,12.8,45.508835,-73.52308,5.5,4
1353,94,163,4193.5,12.8,45.50879,-73.52306,5.3,4
1354,94,162,4198.9,12.8,45.508743,-73.52305,5.4,4
1355,94,162,4204.3,12.8,45.508698,-73.52304,5.4,4
1356,95,162,4209.7,12.8,45.50865,-73.523026,5.4,4
1357,96,162,4214.8,12.8,45.508617,-73.52302,5.1,4
1358,96,161,4219.8,12.8,45.50856,-73.523,5,4
1359,95,161,4224.1,12.8,45.508514,-73.52299,4.3,4
1360,94,163,4229.8,12.8,45.50847,-73.52297,5.7,4
1361,95,164,4234.9,13,45.508423,-73.522964,5.1,4
1362,95,164,4240,13,45.508373,-73.52295,5.1,4
1363,96,164,4245.1,13,45.508327,-73.52294,5.1,4
1364,96,163,4250.3,13,45.50828,-73.52293,5.2,4
1365,96,163,4255.6,13,45.508236,-73.52291,5.3,4
1366,96,163,4261,13.2,45.50819,-73.5229,5.4,4
1367,95,163,4266.5,13.2,45.508144,-73.52289,5.5,4
1368,94,162,4272.5,13.2,45.508095,-73.52287,6,4
1369,94,162,4277,13.2,45.50805,-73.52285,4.5,4
1370,94,162,4282.6,13.2,45.508,-73.522835,5.6,4
1371,94,162,4288.2,13.2,45.507954,-73.52281,5.6,4
1372,94,162,4293.7,13.2,45.507904,-73.5228,5.5,4
1373,95,161,4299.2,13.2,45.50786,-73.52278,5.5,4
1374,96,162,4304.8,13.2,45.507805,-73.52276,5.6,4
1375,96,162,4310.5,13.2,45.507755,-73.52274,5.7,4
1376,96,163,4316.3,13.2,45.50771,-73.52273,5.8,4
1377,96,163,4322.1,13.2,45.507664,-73.52271,5.8,4
1378,95,164,4327.8,13.2,45.507626,-73.5227,5.7,4
1379,95,163,4333.2,13.2,45.50757,-73.52268,5.4,4
1380,94,163,4338.2,13.2,45.507523,-73.522675,5,4
1381,94,163,4343.8,13.2,45.50748,-73.52266,5.6,4
1382,94,163,4349.2,13.2,45.50744,-73.52265,5.4,4
1383,94,162,4354.2,13.2,45.50739,-73.52264,5,4
1384,94,161,4359,13.2,45.507343,-73.52263,4.8,4
1385,94,161,4364.2,13.2,45.507294,-73.52261,5.2,4
1386,94,162,4369.3,13.2,45.507248,-73.5226,5.1,4
1387,95,162,4374.5,13.2,45.507202,-73.52259,5.2,4
1388,95,162,4379.8,13.2,45.507168,-73.52259,5.3,4
1389,96,162,4385.4,13.2,45.507114,-73.522575,5.6,4
1390,96,162,4389.1,13.2,45.507057,-73.52256,3.7,4
1391,96,162,4394.7,13,45.507008,-73.522545,5.6,4
1392,96,162,4401.1,13,45.50696,-73.52253,6.4,4
1393,96,162,4407,13,45.50691,-73.522514,5.9,4
1394,96,162,4412.4,13,45.506855,-73.5225,5.4,4
1395,96,162,4418.2,13,45.50681,-73.522484,5.8,4
1396,95,162,4424.4,13,45.506767,-73.52247,6.2,4
1397,94,162,4430.1,13,45.506725,-73.52246,5.7,4
1398,95,162,4435.3,13,45.506687,-73.52245,5.2,4
1399,96,162,4441.1,13,45.506645,-73.522446,5.8,4
1400,96,162,4445.5,13,45.506615,-73.52244,4.4,4
1401,96,161,4449.3,13,45.506565,-73.52243,3.8,4
1402,96,161,4453.1,13,45.506527,-73.522415,3.8,4
1403,96,161,4458,13,45.506485,-73.5224,4.9,4
1404,96,161,4461.9,13,45.50644,-73.52239,3.9,4
1405,95,161,4465.9,13,45.506393,-73.522385,4,4
1406,96,161,4470.7,13,45.506348,-73.52237,4.8,4
1407,96,161,4475.7,13,45.5063,-73.52236,5,4
1408,96,161,4481,13,45.506245,-73.52235,5.3,4
1409,96,160,4486.3,13,45.506195,-73.52233,5.3,4
1410,96,160,4492.5,13,45.506153,-73.522316,6.2,4
1411,96,160,4498.9,13,45.506104,-73.52231,6.4,4
1412,96,160,4503.9,13,45.506054,-73.522285,5,4
1413,96,160,4510,13,45.50601,-73.52228,6.1,4
1414,96,161,4515.9,13,45.50596,-73.52226,5.9,4
1415,96,161,4521.6,13,45.50591,-73.522255,5.7,4
1416,96,161,4527.2,13,45.505867,-73.52224,5.6,4
1417,96,161,4533,13,45.50582,-73.52223,5.8,4
1418,96,162,4538.1,13,45.505775,-73.522224,5.1,4
1419,96,162,4542.9,13,45.505733,-73.52222,4.8,4
1420,96,162,4548.1,13,45.505684,-73.5222,5.2,4
1421,96,163,4553.2,13,45.505634,-73.52219,5.1,4
1422,96,163,4558.5,13,45.505592,-73.52218,5.3,4
1423,96,163,4563.7,12.8,45.505547,-73.52216,5.2,4
1424,96,163,4568.5,12.8,45.505493,-73.52215,4.8,4
1425,96,164,4573.6,12.8,45.505447,-73.52214,5.1,4
1426,96,164,4579.1,12.8,45.5054,-73.522125,5.5,4
1427,95,164,4584.7,12.8,45.50536,-73.52212,5.6,4
1428,95,164,4589.8,12.6,45.505314,-73.5221,5.1,4
1429,94,164,4595,12.6,45.505272,-73.5221,5.2,4
1430,95,165,4600.3,12.6,45.505226,-73.522095,5.3,4
1431,96,165,4605.2,12.4,45.505184,-73.52208,4.9,4
1432,96,165,4609.9,12.4,45.505135,-73.52207,4.7,4
1433,96,165,4615,12.4,45.505085,-73.52206,5.1,4
1434,96,165,4620.4,12.4,45.505035,-73.52204,5.4,4
1435,96,166,4625.5,12.4,45.504974,-73.52201,5.1,4
1436,96,166,4631.2,12.2,45.504917,-73.52199,5.7,4
1437,96,166,4637.9,12.2,45.50486,-73.521965,6.7,4
1438,96,166,4644.7,12.2,45.504807,-73.52195,6.8,4
1439,96,167,4651.6,12,45.50476,-73.52193,6.9,4
1440,95,167,4658.4,12,45.504715,-73.52191,6.8,4
1441,94,167,4664.7,12,45.50466,-73.5219,6.3,4
1442,94,167,4670.8,12,45.504612,-73.52187,6.1,4
1443,96,166,4677.2,11.8,45.50457,-73.52186,6.4,4
1444,96,166,4683.3,11.8,45.504517,-73.521835,6.1,4
1445,96,165,4688.8,11.8,45.50446,-73.521805,5.5,4
1446,96,165,4694.1,11.8,45.50441,-73.521774,5.3,4
1447,96,165,4699.9,11.8,45.50436,-73.52176,5.8,4
1448,96,164,4705.4,11.8,45.504307,-73.521736,5.5,4
1449,96,163,4711.3,11.8,45.504257,-73.52173,5.9,4
1450,96,162,4717.6,12,45.504204,-73.521706,6.3,4
1451,96,162,4723.8,12,45.504158,-73.5217,6.2,4
1452,96,162,4729.7,12,45.50411,-73.521675,5.9,4
1453,96,162,4735.4,12,45.504063,-73.52166,5.7,4
1454,94,162,4741.4,12,45.504025,-73.52165,6,4
1455,95,162,4746.5,12,45.503975,-73.52164,5.1,4
1456,95,162,4751.1,12.2,45.503925,-73.52162,4.6,4
1457,96,162,4756.3,12.2,45.50388,-73.521614,5.2,4
1458,96,162,4761.5,12.2,45.503838,-73.52161,5.2,4
1459,96,162,4766.2,12.2,45.503788,-73.52159,4.7,4
1460,96,163,4771.2,12,45.503723,-73.521576,5,4
1461,96,163,4776.2,12,45.503674,-73.52156,5,4
1462,96,163,4782.6,12,45.503616,-73.521545,6.4,4
1463,96,163,4788.6,12,45.503567,-73.52152,6,4
1464,96,163,4795.2,12,45.50352,-73.52151,6.6,4
1465,96,163,4801.5,12,45.503475,-73.52149,6.3,4
1466,96,163,4807.3,12,45.50343,-73.52148,5.8,4
1467,96,163,4813.1,12,45.50338,-73.52146,5.8,4
1468,96,162,4818.8,12.2,45.50333,-73.52144,5.7,4
1469,96,162,4824.9,12.2,45.503277,-73.521416,6.1,4
1470,96,162,4830.7,12.2,45.503223,-73.52141,5.8,4
1471,96,162,4835.8,12.2,45.503178,-73.52139,5.1,4
1472,96,162,4841.5,12.4,45.50313,-73.521385,5.7,4
1473,96,162,4846.5,12.4,45.503086,-73.52137,5,4
1474,94,162,4851.9,12.4,45.503036,-73.521355,5.4,4
1475,94,163,4857.5,12.4,45.50299,-73.52134,5.6,4
1476,94,163,4863.1,12.6,45.502953,-73.52133,5.6,4
1477,88,163,4868.5,12.6,45.50291,-73.52132,5.4,4
1478,84,164,4873.1,12.8,45.502876,-73.52131,4.6,4
1479,84,164,4877.7,12.8,45.502842,-73.52129,4.6,4
1480,84,165,4881.4,12.8,45.502823,-73.52128,3.7,4
1481,80,164,4884.7,13,45.502804,-73.52126,3.3,4
1482,80,164,4887.3,13,45.502792,-73.52126,2.6,4
1483,72,166,4889.2,13,45.50278,-73.52126,1.9,4
1484,72,168,4890.6,13,45.50277,-73.52126,1.4,4
1485,67,170,4890.6,13,45.50276,-73.52126,0,4
1486,63,171,4890.6,13,45.50275,-73.52126,0,4
1487,61,171,4891,13,45.50274,-73.52127,0.4,4
1488,60,169,4891,13,45.502728,-73.52128,0,4
1489,60,169,4891,13,45.50272,-73.52128,0,4
1490,60,169,4891,12.8,45.50271,-73.52128,0,4
1491,60,167,4891.2,12.8,45.502693,-73.52128,0.2,4
1492,60,167,4892.1,12.6,45.50268,-73.52127,0.9,4
1493,58,163,4893.2,12.6,45.50267,-73.52126,1.1,4
1494,57,163,4894.5,12.4,45.50266,-73.52126,1.3,4
1495,57,161,4896,12.4,45.502647,-73.52126,1.5,4
1496,57,159,4897.2,12.4,45.50264,-73.521255,1.2,4
1497,57,159,4898.5,12.4,45.50263,-73.52125,1.3,4
1498,57,155,4899.7,12.2,45.50262,-73.52124,1.2,4
1499,57,153,4900.7,12.2,45.502617,-73.52123,1,4
1500,57,151,4902.1,12,45.50261,-73.521225,1.4,4
1501,58,149,4903,12,45.5026,-73.521225,0.9,4
1502,58,148,4903.9,11.8,45.502594,-73.521225,0.9,4
1503,58,149,4904.7,11.8,45.50259,-73.52122,0.8,4
1504,58,150,4905.1,11.8,45.50259,-73.52122,0.4,4
1505,58,149,4905.7,11.8,45.502583,-73.521225,0.6,4
1506,58,149,4906,11.8,45.502583,-73.521225,0.3,4
1507,58,146,4906.2,11.6,45.502586,-73.52123,0.2,4
1508,0,144,4906.2,11.6,45.502586,-73.52124,0,4
1509,0,141,4906.2,11.4,45.502586,-73.52125,0,4
1510,0,138,4906.4,11.4,45.502583,-73.52125,0.2,4
1511,0,134,4906.5,11.4,45.502586,-73.52125,0.1,4
1512,0,133,4906.5,11.2,45.502586,-73.521255,0,4
1513,0,134,4906.5,11.2,45.50259,-73.521255,0,4
1514,0,134,4906.5,11.2,45.50259,-73.521255,0,4
1515,0,132,4906.5,11.2,45.50259,-73.521255,0,4
1516,0,129,4906.5,11,45.50259,-73.521255,0,4
1517,0,129,4906.5,11,45.50259,-73.521255,0,4
1518,0,130,4906.5,10.8,45.50259,-73.521255,0,4
1519,0,131,4906.5,10.8,45.50259,-73.521255,0,4
1520,0,131,4906.5,10.6,45.50259,-73.521255,0,4
1521,0,130,4906.5,10.6,45.50259,-73.521255,0,4
1522,0,130,4906.5,10.6,45.50259,-73.521255,0,4
1523,0,129,4906.5,10.6,45.50259,-73.521255,0,4
1524,0,129,4906.5,10.6,45.50259,-73.521255,0,4
1525,0,129,4906.5,10.6,45.50259,-73.521255,0,4
1526,0,129,4906.5,10.4,45.50259,-73.521255,0,4
1527,0,129,4906.5,10.4,45.50259,-73.521255,0,4
1528,0,129,4906.5,10.4,45.50259,-73.521255,0,4
1529,0,128,4906.5,10.4,45.50259,-73.521255,0,4
1530,0,127,4906.5,10.2,45.502594,-73.521255,0,4
1531,20,127,4906.5,10.2,45.502594,-73.521255,0,4
1532,31,126,4906.5,10.2,45.502594,-73.52126,0,4
1533,31,127,4906.5,10.2,45.502598,-73.52127,0,4
1534,39,127,4906.5,10,45.502605,-73.52127,0,4
1535,44,127,4906.6,10,45.502625,-73.52127,0.1,4
1536,46,127,4906.6,10,45.502636,-73.52126,0,4
1537,46,127,4907.5,10,45.502636,-73.52126,0.9,4
1538,47,127,4908.8,10,45.50263,-73.52124,1.3,4
1539,47,126,4909.6,10,45.50262,-73.52124,0.8,4
1540,48,125,4910,9.8,45.502613,-73.52123,0.4,4
1541,48,125,4910.7,9.6,45.50261,-73.52124,0.7,4
1542,49,125,4912.2,9.6,45.502605,-73.52125,1.5,4
1543,50,125,4912.5,9.4,45.502605,-73.521255,0.3,4
1544,50,124,4912.5,9.2,45.502613,-73.521255,0,4
1545,50,124,4912.5,9.2,45.502617,-73.521255,0,4
1546,50,123,4912.5,9.2,45.502617,-73.521255,0,4
1547,50,123,4912.5,9.2,45.502617,-73.521255,0,4
1548,50,123,4912.5,9,45.502617,-73.521255,0,4
1549,50,123,4912.5,9,45.502617,-73.521255,0,4
1550,46,123,4912.5,9,45.502617,-73.521255,0,4
1551,46,123,4912.5,9,45.502617,-73.521255,0,4
1552,42,124,4912.5,8.8,45.502617,-73.521255,0,4
1553,0,124,4912.5,8.8,45.502617,-73.521255,0,4
1554,0,124,4912.5,8.8,45.502617,-73.521255,0,4
1555,0,124,4912.5,8.8,45.502617,-73.521255,0,4
1556,0,124,4912.5,8.8,45.502617,-73.521255,0,4
1557,0,124,4912.5,8.6,45.502617,-73.521255,0,4
1558,0,124,4912.5,8.6,45.502617,-73.521255,0,4
1559,0,124,4912.5,8.6,45.502617,-73.521255,0,4
1560,0,124,4912.5,8.6,45.502617,-73.521255,0,4
1561,0,124,4912.5,8.6,45.502613,-73.521255,0,4
1562,0,123,4912.5,8.6,45.502613,-73.521255,0,4
1563,0,123,4912.5,8.6,45.502613,-73.52126,0,4
1564,21,123,4912.5,8.6,45.502613,-73.52126,0,4
1565,21,122,4912.5,8.6,45.502613,-73.52126,0,4
1566,33,122,4912.5,8.6,45.502613,-73.52126,0,4
1567,33,121,4912.5,8.6,45.502613,-73.52126,0,4
1568,39,122,4912.5,8.6,45.502613,-73.52126,0,4
1569,43,122,4912.5,8.6,45.502613,-73.52126,0,4
1570,44,123,4912.5,8.6,45.502617,-73.52126,0,4
1571,44,123,4912.5,8.6,45.50263,-73.52126,0,4
1572,44,123,4912.5,8.8,45.502644,-73.52127,0,4
1573,44,123,4912.5,8.8,45.502655,-73.52127,0,4
1574,44,122,4912.5,8.8,45.50267,-73.52128,0,4
1575,44,121,4913.7,8.8,45.50269,-73.52128,1.2,4
1576,44,121,4915.6,8.8,45.502705,-73.521286,1.9,4
1577,44,121,4917.8,8.8,45.50272,-73.52129,2.2,4
1578,50,120,4920.3,8.8,45.50274,-73.5213,2.5,4
1579,53,118,4922.9,8.8,45.502754,-73.52131,2.6,4
1580,55,118,4925.7,8.8,45.50277,-73.52131,2.8,4
1581,55,118,4928.3,8.8,45.502785,-73.52131,2.6,4
1582,55,118,4930.2,9,45.502796,-73.52131,1.9,4
1583,56,117,4931.9,9,45.502808,-73.52132,1.7,4
1584,56,117,4933.5,9,45.502815,-73.52132,1.6,4
1585,56,117,4935.1,9,45.502823,-73.52132,1.6,4
1586,56,117,4936,9,45.50283,-73.52132,0.9,4
1587,56,116,4936.9,9.2,45.502842,-73.52132,0.9,4
1588,56,116,4937.8,9.2,45.50285,-73.521324,0.9,4
1589,56,115,4938.5,9.2,45.502865,-73.52133,0.7,4
1590,56,115,4939.1,9.2,45.502876,-73.52133,0.6,4
1591,55,115,4940.3,9.2,45.50289,-73.52134,1.2,4
1592,55,115,4941.3,9.2,45.50292,-73.52135,1,4
1593,56,115,4942.9,9.4,45.50295,-73.52135,1.6,4
1594,76,116,4945.1,9.4,45.502987,-73.52136,2.2,4
1595,86,114,4948.6,9.4,45.503033,-73.52138,3.5,4
1596,94,114,4953,9.4,45.50308,-73.52139,4.4,4
1597,96,113,4958.3,9.4,45.50313,-73.52141,5.3,4
1598,96,112,4964.2,9.4,45.503185,-73.52142,5.9,4
1599,96,112,4972.2,9.4,45.503235,-73.52145,8,4
1600,96,115,4979.6,9.4,45.50329,-73.52147,7.4,4
1601,96,115,4987.3,9.4,45.503338,-73.52149,7.7,4
1602,96,118,4994.8,9.4,45.503387,-73.52151,7.5,4
1603,94,119,5001.9,9.6,45.503433,-73.52152,7.1,4
1604,94,118,5008.6,9.6,45.503483,-73.52154,6.7,4
1605,94,118,5015,9.6,45.50354,-73.52155,6.4,4
1606,95,116,5021.2,9.6,45.503582,-73.52156,6.2,4
1607,96,115,5027.4,9.8,45.503647,-73.52158,6.2,4
1608,96,113,5032.7,9.8,45.503685,-73.52159,5.3,4
1609,96,114,5038.9,9.8,45.503742,-73.52159,6.2,4
1610,96,115,5044.1,9.8,45.503796,-73.5216,5.2,4
1611,96,115,5050,9.8,45.503853,-73.521614,5.9,4
1612,96,116,5055.9,10,45.50389,-73.52162,5.9,4
1613,96,117,5062.2,10,45.503937,-73.52164,6.3,4
1614,96,119,5067.3,10,45.503986,-73.52165,5.1,4
1615,96,121,5072.9,10,45.504036,-73.52167,5.6,4
1616,96,124,5078,10,45.504086,-73.521675,5.1,4
1617,96,128,5083.9,10,45.504135,-73.5217,5.9,4
1618,96,131,5088.7,10,45.504185,-73.52171,4.8,4
1619,96,133,5094.8,10,45.504234,-73.521736,6.1,4
1620,96,134,5100.2,10,45.504284,-73.52175,5.4,4
1621,96,134,5105.8,10,45.504333,-73.52177,5.6,4
1622,96,134,5111,10,45.504383,-73.521774,5.2,4
1623,96,133,5117.4,10.2,45.504433,-73.52178,6.4,4
1624,96,135,5123.1,10.2,45.504482,-73.52179,5.7,4
1625,96,137,5128.7,10.2,45.50453,-73.521805,5.6,4
1626,95,137,5134.4,10.2,45.50458,-73.52181,5.7,4
1627,94,139,5139.9,10,45.504627,-73.52183,5.5,4
1628,95,140,5145.6,10,45.504677,-73.521835,5.7,4
1629,94,145,5150.9,10,45.504723,-73.52185,5.3,4
1630,94,145,5156.2,10,45.50477,-73.52186,5.3,4
1631,96,147,5161.4,10,45.504814,-73.52187,5.2,4
1632,96,147,5166.6,10,45.504864,-73.52189,5.2,4
1633,96,150,5171.9,10,45.504913,-73.521904,5.3,4
1634,96,152,5177.3,10,45.50496,-73.52192,5.4,4
1635,96,153,5182.8,10,45.50501,-73.52193,5.5,4
1636,96,154,5188.1,10,45.50506,-73.521935,5.3,4
1637,96,155,5193.4,10.2,45.505108,-73.52195,5.3,4
1638,96,155,5199,10.2,45.505154,-73.521965,5.6,4
1639,96,155,5204.6,10.2,45.505207,-73.52198,5.6,4
1640,96,155,5210.3,10.2,45.505257,-73.52199,5.7,4
1641,96,156,5216.3,10.2,45.505314,-73.522,6,4
1642,96,157,5222,10.2,45.505352,-73.52201,5.7,4
1643,96,157,5228.3,10.2,45.50541,-73.522026,6.3,4
1644,96,158,5233.4,10,45.505444,-73.52204,5.1,4
1645,96,159,5239.4,10,45.505493,-73.52206,6,4
1646,96,159,5244.3,10,45.50555,-73.52209,4.9,4
1647,96,159,5249.7,10,45.505585,-73.52211,5.4,4
1648,96,159,5255.9,10,45.50563,-73.522125,6.2,4
1649,96,160,5260.8,10,45.50569,-73.52215,4.9,4
1650,96,161,5265.9,10,45.50574,-73.52217,5.1,4
1651,96,161,5272,10,45.50578,-73.52219,6.1,4
1652,96,159,5277.1,10,45.505836,-73.52222,5.1,4
1653,96,160,5282.9,10,45.50589,-73.52223,5.8,4
1654,96,162,5289,10,45.505936,-73.52225,6.1,4
1655,96,162,5295.5,10,45.505985,-73.52226,6.5,4
1656,96,163,5301.4,10,45.506023,-73.52228,5.9,4
1657,96,163,5306.5,10,45.506073,-73.52229,5.1,4
1658,96,163,5312.1,10,45.506123,-73.5223,5.6,4
1659,96,163,5317.9,10,45.50617,-73.522316,5.8,4
1660,96,163,5322.9,9.8,45.506226,-73.52233,5,4
1661,96,163,5328,9.8,45.506275,-73.52235,5.1,4
1662,96,163,5334.5,9.8,45.506325,-73.522354,6.5,4
1663,96,163,5339.5,9.8,45.506363,-73.52236,5,4
1664,96,163,5344.9,9.8,45.506413,-73.52238,5.4,4
1665,96,163,5349.7,9.8,45.50647,-73.52239,4.8,4
1666,96,162,5355.2,9.8,45.506516,-73.522415,5.5,4
1667,96,162,5362,9.8,45.506565,-73.52243,6.8,4
1668,96,161,5367.4,9.8,45.5066,-73.52244,5.4,4
1669,96,161,5372.7,9.8,45.506657,-73.52246,5.3,4
1670,96,161,5377.6,9.8,45.506702,-73.52248,4.9,4
1671,96,161,5382.9,9.8,45.50675,-73.522484,5.3,4
1672,96,160,5388.2,9.8,45.506786,-73.5225,5.3,4
1673,96,160,5393.6,9.8,45.506844,-73.522514,5.4,4
1674,96,161,5399,10,45.506893,-73.52254,5.4,4
1675,96,161,5404.8,10,45.50694,-73.522545,5.8,4
1676,96,161,5409.7,10,45.506977,-73.52255,4.9,4
1677,96,161,5415,10,45.507034,-73.52257,5.3,4
1678,96,161,5419.9,10,45.507084,-73.522575,4.9,4
1679,96,161,5426.5,10,45.507133,-73.5226,6.6,4
1680,96,161,5431.7,10,45.50717,-73.52261,5.2,4
1681,96,160,5437.4,10,45.507217,-73.52263,5.7,4
1682,96,160,5442,10,45.507267,-73.52264,4.6,4
1683,96,160,5448.2,10,45.507317,-73.52266,6.2,4
1684,98,161,5453.1,10,45.507362,-73.52267,4.9,4
1685,97,161,5458.5,10,45.507412,-73.52268,5.4,4
1686,97,160,5464,10,45.50746,-73.52269,5.5,4
1687,97,159,5470,10,45.50751,-73.522705,6,4
1688,97,159,5475,10,45.50756,-73.52272,5,4
1689,97,158,5480.6,10,45.507607,-73.52273,5.6,4
1690,97,157,5486,10,45.507656,-73.52274,5.4,4
1691,97,157,5492.2,10,45.5077,-73.522766,6.2,4
1692,97,156,5497.6,10,45.507744,-73.52278,5.4,4
1693,97,156,5503,10,45.507793,-73.5228,5.4,4
1694,97,157,5508.2,10,45.50785,-73.52281,5.2,4
1695,97,157,5513.6,10,45.50789,-73.52283,5.4,4
1696,97,157,5519.5,10,45.507946,-73.522835,5.9,4
1697,97,158,5524.3,10.2,45.50799,-73.52285,4.8,4
1698,97,158,5530.4,10.2,45.508045,-73.522865,6.1,4
1699,97,158,5536,10.2,45.508083,-73.52287,5.6,4
1700,97,158,5541.6,10.4,45.508133,-73.522896,5.6,4
1701,97,158,5546.9,10.4,45.50818,-73.52291,5.3,4
1702,97,159,5552.5,10.4,45.50823,-73.52292,5.6,4
1703,97,159,5558.2,10.6,45.508274,-73.522934,5.7,4
1704,97,159,5563.4,10.6,45.50832,-73.52296,5.2,4
1705,97,159,5568.4,10.6,45.50837,-73.522964,5,4
1706,97,159,5574.3,10.6,45.508415,-73.52297,5.9,4
1707,97,159,5579.2,10.6,45.508465,-73.52299,4.9,4
1708,97,159,5584.4,10.6,45.508514,-73.522995,5.2,4
1709,97,159,5589.8,10.6,45.50856,-73.52301,5.4,4
1710,97,159,5595.6,10.8,45.50861,-73.523026,5.8,4
1711,98,159,5601.1,10.8,45.508667,-73.52304,5.5,4
1712,99,160,5606.6,10.8,45.508717,-73.52306,5.5,4
1713,98,160,5612.9,10.8,45.508755,-73.52307,6.3,4
1714,97,160,5618.5,11,45.5088,-73.52309,5.6,4
1715,97,160,5623.6,11,45.50886,-73.52311,5.1,4
1716,97,160,5629.1,11,45.5089,-73.523125,5.5,4
1717,97,160,5635.4,11,45.508945,-73.52313,6.3,4
1718,97,160,5640.4,11,45.508995,-73.52315,5,4
1719,97,160,5645.9,11,45.509045,-73.52317,5.5,4
1720,97,161,5651.4,11.2,45.509098,-73.523186,5.5,4
1721,97,161,5657.1,11.2,45.509148,-73.5232,5.7,4
1722,97,161,5662.2,11.2,45.509193,-73.52322,5.1,4
1723,97,162,5667.9,11.2,45.509243,-73.52323,5.7,4
1724,97,162,5674.1,11.2,45.509293,-73.52325,6.2,4
1725,97,163,5679.8,11.2,45.509342,-73.52326,5.7,4
1726,97,163,5684.9,11.2,45.509403,-73.523285,5.1,4
1727,94,163,5691.3,11.2,45.50944,-73.5233,6.4,4
1728,94,163,5697.7,11.2,45.509487,-73.52331,6.4,4
1729,94,164,5702.8,11.2,45.509537,-73.52332,5.1,4
1730,94,164,5708.3,11.2,45.509586,-73.52334,5.5,4
1731,94,163,5713.7,11.2,45.509632,-73.52335,5.4,4
1732,94,163,5719.1,11.2,45.50968,-73.52336,5.4,4
1733,94,162,5724.6,11.4,45.50973,-73.52338,5.5,4
1734,94,162,5730.1,11.4,45.509785,-73.52339,5.5,4
1735,94,161,5735.5,11.4,45.509834,-73.52341,5.4,4
1736,96,161,5741.5,11.4,45.509872,-73.523415,6,4
1737,96,160,5746.4,11.4,45.509933,-73.52344,4.9,4
1738,96,160,5751.9,11.4,45.50998,-73.523445,5.5,4
1739,96,160,5758.2,11.4,45.510017,-73.52346,6.3,4
1740,96,159,5763.8,11.4,45.510067,-73.52348,5.6,4
1741,96,159,5768.8,11.2,45.510117,-73.5235,5,4
1742,96,159,5774.4,11.2,45.510166,-73.52351,5.6,4
1743,96,159,5780,11.2,45.510212,-73.52354,5.6,4
1744,97,158,5785.7,11.2,45.51026,-73.52356,5.7,4
1745,97,159,5790.8,11,45.510315,-73.523575,5.1,4
1746,97,159,5796.3,11,45.510372,-73.52359,5.5,4
1747,97,160,5802.7,11,45.51042,-73.523605,6.4,4
1748,97,162,5808.5,11,45.510475,-73.52363,5.8,4
1749,97,163,5814.5,11,45.510513,-73.523636,6,4
1750,97,164,5821,11,45.510563,-73.52365,6.5,4
1751,97,164,5826,11,45.510612,-73.52367,5,4
1752,97,164,5831.8,11,45.510674,-73.52368,5.8,4
1753,97,165,5837.5,11,45.510723,-73.52369,5.7,4
1754,97,165,5844.1,11.2,45.510765,-73.5237,6.6,4
1755,97,165,5849.9,11.2,45.510822,-73.52371,5.8,4
1756,97,165,5854.9,11.2,45.51087,-73.52373,5,4
1757,97,164,5860.5,11.2,45.51092,-73.52375,5.6,4
1758,97,164,5866.3,11.2,45.51096,-73.523766,5.8,4
1759,97,164,5872,11.2,45.51101,-73.52377,5.7,4
1760,97,163,5877.6,11.2,45.511055,-73.52379,5.6,4
1761,97,163,5883.1,11,45.511112,-73.5238,5.5,4
1762,95,162,5888.4,11,45.51115,-73.52381,5.3,4
1763,95,161,5893.5,11,45.5112,-73.52382,5.1,4
1764,95,161,5898.3,11,45.511242,-73.52384,4.8,4
1765,96,160,5904,11,45.511288,-73.52386,5.7,4
1766,96,160,5908.6,11,45.511333,-73.52387,4.6,4
1767,96,160,5913.6,10.8,45.511383,-73.52388,5,4
1768,96,160,5918.8,10.8,45.51143,-73.5239,5.2,4
1769,96,160,5924.6,11,45.511475,-73.52392,5.8,4
1770,96,160,5929.8,11,45.51153,-73.52395,5.2,4
1771,96,160,5935.2,11,45.51157,-73.52396,5.4,4
1772,96,160,5940.8,11,45.51162,-73.52398,5.6,4
1773,96,160,5946.4,11.2,45.511677,-73.524,5.6,4
1774,96,160,5952,11.2,45.511726,-73.52402,5.6,4
1775,96,160,5958.3,11.2,45.511765,-73.524025,6.3,4
1776,96,160,5964.1,11.2,45.51181,-73.52404,5.8,4
1777,96,161,5969.2,11.2,45.511868,-73.52406,5.1,4
1778,96,161,5974.8,11.2,45.511906,-73.52408,5.6,4
1779,96,161,5980.9,11.2,45.511967,-73.52409,6.1,4
1780,96,161,5986,11.2,45.512005,-73.52411,5.1,4
1781,96,161,5991.4,11.2,45.51205,-73.524124,5.4,4
1782,96,161,5996.9,11.2,45.512108,-73.52414,5.5,4
1783,96,162,6002.4,11.2,45.512154,-73.524155,5.5,4
1784,96,162,6007.9,11.2,45.512196,-73.52417,5.5,4
1785,96,163,6013.3,11.2,45.512245,-73.524185,5.4,4
1786,96,163,6018.9,11.2,45.512302,-73.5242,5.6,4
1787,96,164,6024.5,11.2,45.51234,-73.52421,5.6,4
1788,96,164,6030,11.2,45.51239,-73.52422,5.5,4
1789,96,165,6035.5,11.2,45.512436,-73.52424,5.5,4
1790,96,166,6040.3,11.2,45.512486,-73.524254,4.8,4
1791,96,166,6046.3,11.2,45.51253,-73.52428,6,4
1792,96,166,6051.8,11.2,45.512577,-73.524284,5.5,4
1793,96,167,6056.6,11.2,45.512634,-73.5243,4.8,4
1794,96,167,6061.9,11.2,45.512672,-73.524315,5.3,4
1795,96,168,6068.5,11.2,45.51272,-73.52432,6.6,4
1796,96,168,6073.3,11.2,45.512768,-73.52434,4.8,4
1797,96,168,6078.2,11.2,45.512825,-73.52435,4.9,4
1798,96,168,6084.1,11.2,45.512863,-73.52437,5.9,4
1799,96,168,6090,11.2,45.512913,-73.52438,5.9,4
1800,98,168,6095.1,11,45.51296,-73.52439,5.1,4
1801,98,168,6100.4,11,45.51301,-73.52441,5.3,4
1802,97,168,6106,11,45.51307,-73.52442,5.6,4
1803,97,168,6111.7,10.8,45.513107,-73.52444,5.7,4
1804,97,169,6117.4,10.8,45.51317,-73.52445,5.7,4
1805,97,169,6123.1,10.8,45.513214,-73.52447,5.7,4
1806,97,169,6129.4,10.8,45.513264,-73.52448,6.3,4
1807,97,170,6135.1,10.6,45.5133,-73.5245,5.7,4
1808,97,170,6140.4,10.6,45.51335,-73.52451,5.3,4
1809,97,171,6146.1,10.6,45.513405,-73.52453,5.7,4
1810,97,171,6151.8,10.6,45.513462,-73.52454,5.7,4
1811,97,171,6157.6,10.6,45.51351,-73.52457,5.8,4
1812,97,172,6163.7,10.6,45.51355,-73.524574,6.1,4
1813,97,172,6169,10.6,45.513607,-73.52459,5.3,4
1814,97,173,6174.6,10.6,45.513657,-73.524605,5.6,4
1815,97,173,6180.1,10.6,45.513706,-73.52462,5.5,4
1816,97,173,6185.9,10.6,45.51375,-73.52463,5.8,4
1817,97,173,6191.5,10.6,45.513798,-73.52464,5.6,4
1818,97,173,6197.2,10.6,45.513847,-73.52466,5.7,4
1819,97,172,6202.8,10.6,45.51391,-73.52467,5.6,4
1820,97,172,6208.3,10.4,45.513947,-73.52468,5.5,4
1821,97,172,6214,10.4,45.513992,-73.5247,5.7,4
1822,97,172,6218.8,10.4,45.51405,-73.524704,4.8,4
1823,97,171,6224.8,10.4,45.514095,-73.52473,6,4
1824,97,171,6230.4,10.4,45.514145,-73.52474,5.6,4
1825,97,171,6235.8,10.4,45.514187,-73.52476,5.4,4
1826,97,171,6241.4,10.4,45.514244,-73.52477,5.6,4
1827,97,171,6247,10.4,45.51429,-73.52479,5.6,4
1828,97,171,6253.1,10.4,45.51434,-73.5248,6.1,4
1829,97,171,6258.6,10.6,45.514374,-73.52482,5.5,4
1830,97,171,6263.4,10.6,45.514423,-73.52482,4.8,4
1831,97,172,6268.7,10.6,45.51447,-73.52483,5.3,4
1832,97,172,6274,10.6,45.514515,-73.52485,5.3,4
1833,97,172,6278.6,10.6,45.514565,-73.524864,4.6,4
1834,96,172,6283.9,10.6,45.51461,-73.52489,5.3,4
1835,96,172,6289.2,10.8,45.51466,-73.524895,5.3,4
1836,95,172,6295,10.8,45.514717,-73.52492,5.8,4
1837,94,171,6299.8,10.8,45.51476,-73.52493,4.8,4
1838,94,171,6306,11,45.514805,-73.52495,6.2,4
1839,95,170,6311.1,11,45.51485,-73.52497,5.1,4
1840,96,169,6317.3,11,45.51491,-73.524994,6.2,4
1841,96,169,6323,11.2,45.51496,-73.525,5.7,4
1842,96,170,6329.4,11.2,45.515007,-73.52501,6.4,4
1843,96,170,6335.2,11.2,45.515045,-73.52502,5.8,4
1844,96,171,6340.7,11.2,45.51509,-73.52503,5.5,4
1845,96,171,6345.6,11.2,45.51515,-73.52505,4.9,4
1846,96,171,6351,11.2,45.515198,-73.52506,5.4,4
1847,96,171,6356.4,11.2,45.515247,-73.52508,5.4,4
1848,96,171,6362.3,11.4,45.51529,-73.52509,5.9,4
1849,96,172,6368.1,11.4,45.515335,-73.525116,5.8,4
1850,96,172,6373.2,11.4,45.515385,-73.52513,5.1,4
1851,96,172,6378.1,11.4,45.51544,-73.52515,4.9,4
1852,96,173,6383.6,11.4,45.51548,-73.52515,5.5,4
1853,96,173,6389.5,11.4,45.515526,-73.52516,5.9,4
1854,96,174,6395,11.4,45.51558,-73.52518,5.5,4
1855,96,174,6400.6,11.4,45.51563,-73.525185,5.6,4
1856,96,174,6405.7,11.2,45.515663,-73.52519,5.1,4
1857,96,175,6411,11.2,45.51572,-73.52521,5.3,4
1858,96,175,6415.6,11.2,45.51577,-73.525215,4.6,4
1859,95,175,6421.8,11.2,45.515816,-73.52523,6.2,4
1860,94,175,6427.2,11.2,45.515854,-73.525246,5.4,4
1861,94,175,6432.5,11.2,45.515903,-73.52525,5.3,4
1862,96,175,6436.9,11.2,45.515953,-73.52527,4.4,4
1863,95,175,6442.9,11.2,45.516,-73.525276,6,4
1864,94,175,6448.2,11.2,45.51605,-73.52528,5.3,4
1865,94,175,6453.2,11.2,45.51609,-73.5253,5,4
1866,92,175,6458.4,11,45.516132,-73.52531,5.2,4
1867,92,175,6464.2,11,45.51617,-73.52533,5.8,4
1868,92,175,6468.3,11,45.516193,-73.52534,4.1,4
1869,92,175,6472.7,11,45.516216,-73.525345,4.4,4
1870,90,174,6475.4,11,45.516224,-73.52535,2.7,4
1871,89,174,6478.4,11,45.51623,-73.52536,3,4
1872,84,174,6479.6,11,45.516243,-73.52536,1.2,4
1873,71,174,6480.4,11,45.516247,-73.52536,0.8,4
1874,64,176,6480.4,11.2,45.516247,-73.52535,0,4
1875,64,177,6480.4,11.2,45.516235,-73.525345,0,4
1876,59,177,6480.4,11.2,45.51622,-73.525345,0,4
1877,56,177,6480.4,11.2,45.516205,-73.525345,0,4
1878,56,178,6480.4,11.2,45.516197,-73.52534,0,4
1879,56,179,6480.4,11.2,45.516186,-73.52533,0,4
1880,54,179,6480.4,11.4,45.51618,-73.52533,0,4
1881,54,176,6480.4,11.4,45.516174,-73.52532,0,4
1882,53,174,6480.4,11.4,45.516167,-73.52532,0,4
1883,54,172,6480.4,11.4,45.516167,-73.525314,0,4
1884,55,171,6480.4,11.4,45.516163,-73.525314,0,4
1885,55,171,6480.4,11.6,45.516163,-73.525314,0,4
1886,55,171,6480.7,11.6,45.516163,-73.52531,0.3,4
1887,55,171,6480.7,11.6,45.516163,-73.52531,0,4
1888,55,170,6480.7,11.6,45.516163,-73.52531,0,4
1889,55,168,6480.7,11.6,45.516163,-73.52531,0,4
1890,55,165,6480.7,11.6,45.516163,-73.52531,0,4
1891,55,165,6480.7,11.6,45.516163,-73.52531,0,4
1892,55,162,6480.7,11.8,45.516163,-73.52531,0,4
1893,55,158,6480.7,11.8,45.516163,-73.52531,0,4
1894,60,157,6480.7,11.8,45.516163,-73.52531,0,4
1895,60,154,6480.7,11.8,45.516163,-73.52531,0,4
1896,63,154,6480.7,12,45.516163,-73.52531,0,4
1897,63,152,6480.7,12,45.516163,-73.52531,0,4
1898,64,150,6480.7,12.2,45.516163,-73.52531,0,4
1899,62,150,6480.7,12.4,45.516163,-73.52531,0,4
1900,62,151,6480.7,12.4,45.516163,-73.52531,0,4
1901,60,151,6480.7,12.6,45.516163,-73.52531,0,4
1902,60,149,6480.7,12.8,45.51616,-73.52531,0,4
1903,60,147,6480.7,13,45.51616,-73.52531,0,4
1904,60,146,6480.7,13.2,45.51616,-73.52531,0,4
1905,60,146,6480.7,13.2,45.51616,-73.52531,0,4
1906,59,146,6480.7,13.4,45.51616,-73.52531,0,4
1907,58,146,6480.7,13.6,45.51616,-73.52531,0,4
1908,58,147,6480.7,13.8,45.516163,-73.525314,0,4
1909,59,145,6480.7,13.8,45.51618,-73.52532,0,4
1910,59,148,6480.7,13.8,45.516186,-73.525345,0,4
1911,59,148,6480.8,14,45.516205,-73.52535,0.1,4
1912,59,146,6481,14.2,45.51622,-73.52536,0.2,4
1913,59,145,6481.3,14.4,45.51623,-73.525375,0.3,4
1914,59,143,6483.3,14.4,45.516243,-73.52538,2,4
1915,59,142,6485.4,14.4,45.516254,-73.52539,2.1,4
1916,59,142,6487.7,14.6,45.516262,-73.5254,2.3,4
1917,59,141,6489.9,14.8,45.51627,-73.5254,2.2,4
1918,59,141,6491.8,14.8,45.51627,-73.525406,1.9,4
1919,59,140,6493.3,15,45.516273,-73.525406,1.5,4
1920,59,139,6493.6,15,45.516273,-73.525406,0.3,4
1921,59,139,6493.6,15,45.51627,-73.525406,0,4
1922,59,138,6493.6,15,45.516273,-73.5254,0,4
1923,59,138,6493.6,15,45.516273,-73.5254,0,4
1924,62,137,6493.6,15,45.51627,-73.52539,0,4
1925,64,138,6493.6,15,45.516262,-73.52539,0,4
1926,64,138,6493.6,15,45.51626,-73.52538,0,4
1927,64,137,6493.6,15,45.51626,-73.525375,0,4
1928,65,139,6493.6,15,45.51626,-73.52537,0,4
1929,65,140,6493.6,15,45.51625,-73.52537,0,4
1930,65,141,6493.6,15,45.516247,-73.525375,0,4
1931,65,141,6493.6,15,45.516247,-73.52538,0,4
1932,65,141,6493.6,15,45.51625,-73.5254,0,4
1933,58,141,6493.6,15,45.51626,-73.5254,0,4
1934,54,140,6494,15,45.516266,-73.525406,0.4,4
1935,54,139,6494.5,15,45.51627,-73.52541,0.5,4
1936,54,139,6494.9,15,45.516273,-73.52541,0.4,4
1937,54,137,6495.1,15,45.516285,-73.52541,0.2,4
1938,54,137,6495.6,15,45.516293,-73.525406,0.5,4
1939,54,136,6496.6,14.8,45.516296,-73.5254,1,4
1940,50,136,6497.8,14.6,45.51629,-73.52539,1.2,4
1941,49,136,6498.6,14.6,45.516285,-73.52538,0.8,4
1942,50,136,6498.7,14.4,45.516273,-73.52538,0.1,4
1943,50,136,6498.9,14.4,45.516266,-73.52538,0.2,4
1944,50,136,6499.5,14.2,45.516262,-73.52539,0.6,4
1945,50,136,6500.1,14,45.516262,-73.5254,0.6,4
1946,52,136,6500.1,14,45.516266,-73.525406,0,4
1947,52,136,6500.2,13.8,45.516273,-73.525406,0.1,4
1948,52,136,6500.2,13.8,45.51628,-73.52541,0,4
1949,55,136,6500.9,13.8,45.51629,-73.52542,0.7,4
1950,56,136,6501.7,13.6,45.516296,-73.52543,0.8,4
1951,57,136,6501.9,13.6,45.5163,-73.52543,0.2,4
1952,57,136,6502.5,13.4,45.51631,-73.52543,0.6,4
1953,57,136,6502.8,13.2,45.51631,-73.52542,0.3,4
1954,57,135,6504,13.2,45.516308,-73.52541,1.2,4
1955,56,135,6504.6,13.2,45.516304,-73.52541,0.6,4
1956,55,135,6504.8,13.2,45.5163,-73.52541,0.2,4
1957,55,134,6505.1,13,45.516293,-73.52541,0.3,4
1958,55,134,6505.4,13,45.51629,-73.52542,0.3,4
1959,53,132,6505.4,13,45.516285,-73.52541,0,4
1960,50,131,6505.4,12.8,45.516285,-73.52541,0,4
1961,50,131,6505.4,12.8,45.516285,-73.52541,0,4
1962,0,131,6505.4,12.8,45.516285,-73.52541,0,4
1963,0,130,6505.4,12.8,45.516285,-73.52541,0,4
1964,0,128,6505.4,12.6,45.516285,-73.52541,0,4
1965,0,127,6505.4,12.6,45.516285,-73.52541,0,4
1966,0,127,6505.4,12.6,45.516285,-73.52541,0,4
1967,0,126,6505.4,12.4,45.516285,-73.52541,0,4
1968,0,126,6505.4,12.4,45.516285,-73.52541,0,4
1969,0,124,6505.4,12.4,45.516285,-73.52541,0,4
1970,0,123,6505.4,12.4,45.516285,-73.52541,0,4
1971,25,123,6505.4,12.4,45.516285,-73.52541,0,4
1972,25,123,6505.4,12.4,45.516285,-73.52541,0,4
1973,37,123,6505.4,12.4,45.516285,-73.52541,0,4
1974,40,122,6505.4,12.4,45.51628,-73.52541,0,4
1975,40,122,6505.4,12.2,45.516262,-73.525406,0,4
1976,41,122,6505.4,12.2,45.51623,-73.52539,0,4
1977,42,122,6505.6,12.2,45.516205,-73.52538,0.2,4
1978,80,122,6508.2,12.2,45.516163,-73.52537,2.6,4
1979,90,123,6511.9,12,45.516106,-73.525345,3.7,4
1980,92,123,6516.8,12,45.516052,-73.52532,4.9,4
1981,93,123,6523.4,12,45.516,-73.52531,6.6,4
1982,95,123,6530.6,12,45.515957,-73.52529,7.2,4
1983,96,122,6538.5,12,45.51589,-73.52526,7.9,4
1984,96,121,6546.3,12,45.51584,-73.525246,7.8,4
1985,94,121,6555.4,12,45.51579,-73.52523,9.1,4
1986,94,121,6563.2,12,45.51574,-73.525215,7.8,4
1987,94,120,6570.1,12,45.5157,-73.5252,6.9,4
1988,96,119,6577.4,12,45.51564,-73.525185,7.3,4
1989,95,120,6583.1,12,45.515594,-73.52517,5.7,4
1990,94,123,6589,12,45.515545,-73.525154,5.9,4
1991,94,123,6594.6,12,45.515495,-73.52514,5.6,4
1992,94,125,6600,12,45.515457,-73.52512,5.4,4
1993,94,129,6605.8,12,45.5154,-73.52511,5.8,4
1994,96,134,6609.8,12.2,45.51535,-73.52509,4,4
1995,97,136,6615.8,12.2,45.515312,-73.52508,6,4
1996,98,136,6621.3,12.2,45.515263,-73.525055,5.5,4
1997,98,138,6626.1,12.2,45.51521,-73.52503,4.8,4
1998,97,140,6632.2,12.2,45.515163,-73.52501,6.1,4
1999,97,145,6637.6,12.2,45.515114,-73.524994,5.4,4
2000,97,147,6643.2,12.2,45.51507,-73.52499,5.6,4
2001,97,147,6648.7,12.2,45.515026,-73.52498,5.5,4
2002,97,150,6653.8,12.2,45.514973,-73.52497,5.1,4
2003,97,152,6659.8,12.4,45.514927,-73.52496,6,4
2004,97,154,6664.9,12.4,45.514885,-73.524956,5.1,4
2005,97,157,6669.9,12.4,45.51485,-73.52495,5,4
2006,97,157,6675.2,12.4,45.5148,-73.524925,5.3,4
2007,97,157,6679.5,12.4,45.51475,-73.52491,4.3,4
2008,97,156,6684.3,12.4,45.5147,-73.524895,4.8,4
2009,97,155,6689.4,12.4,45.51465,-73.52487,5.1,4
2010,97,155,6694.9,12.4,45.5146,-73.52484,5.5,4
2011,97,155,6701.2,12.4,45.51454,-73.52481,6.3,4
2012,97,154,6707.1,12.4,45.51449,-73.52478,5.9,4
2013,97,156,6713.4,12.4,45.51444,-73.524765,6.3,4
2014,97,161,6720.1,12.4,45.514397,-73.52476,6.7,4
2015,97,163,6726.5,12.4,45.514343,-73.52474,6.4,4
2016,97,163,6732.8,12.4,45.514282,-73.524734,6.3,4
2017,97,164,6739,12.4,45.51423,-73.52471,6.2,4
2018,97,164,6745.9,12.4,45.514183,-73.5247,6.9,4
2019,97,165,6751.9,12.4,45.51414,-73.52469,6,4
2020,97,165,6757.4,12.4,45.51408,-73.52467,5.5,4
2021,97,165,6762.5,12.4,45.51403,-73.524666,5.1,4
2022,97,166,6768.4,12.4,45.51398,-73.524666,5.9,4
2023,98,166,6773.8,12.4,45.513943,-73.52466,5.4,4
2024,97,167,6779.4,12.6,45.513893,-73.52464,5.6,4
2025,97,167,6785,12.6,45.513836,-73.52463,5.6,4
2026,97,167,6790.1,12.6,45.513786,-73.52462,5.1,4
2027,97,166,6795.5,12.6,45.513737,-73.5246,5.4,4
2028,97,166,6800.8,12.6,45.513687,-73.52458,5.3,4
2029,97,166,6806.7,12.6,45.513638,-73.52456,5.9,4
2030,97,166,6812.8,12.8,45.513588,-73.52454,6.1,4
2031,97,166,6817.9,12.8,45.513542,-73.52453,5.1,4
2032,97,166,6823.9,12.8,45.513493,-73.52451,6,4
2033,97,166,6829.3,12.8,45.513443,-73.5245,5.4,4
2034,97,166,6835.6,13,45.513393,-73.52449,6.3,4
2035,97,166,6841.4,13,45.513348,-73.52448,5.8,4
2036,97,166,6846.5,13.2,45.5133,-73.524475,5.1,4
2037,97,165,6851.8,13.2,45.51325,-73.52446,5.3,4
2038,97,165,6857.1,13.2,45.5132,-73.524445,5.3,4
2039,97,164,6862.7,13.2,45.513153,-73.52442,5.6,4
2040,97,164,6868.3,13.2,45.5131,-73.524414,5.6,4
2041,97,164,6873.7,13.2,45.513058,-73.5244,5.4,4
2042,97,164,6879.6,13.2,45.51301,-73.52438,5.9,4
2043,97,165,6884.6,13.2,45.512947,-73.52437,5,4
2044,97,164,6890.3,13.2,45.512905,-73.52435,5.7,4
2045,97,164,6896.7,13,45.512856,-73.52434,6.4,4
2046,97,164,6902.3,13,45.512806,-73.52432,5.6,4
2047,97,164,6908.1,13,45.512745,-73.5243,5.8,4
2048,97,164,6913.8,13,45.512695,-73.524284,5.7,4
2049,97,166,6920,13,45.512646,-73.52427,6.2,4
2050,97,166,6926.1,13,45.5126,-73.524254,6.1,4
2051,97,166,6931.7,13,45.51256,-73.52425,5.6,4
2052,97,167,6938,13,45.512505,-73.52423,6.3,4
2053,97,167,6942.9,13,45.512455,-73.524216,4.9,4
2054,97,167,6948.3,13,45.51241,-73.5242,5.4,4
2055,97,168,6954.1,13,45.512363,-73.52419,5.8,4
2056,97,168,6959.5,12.8,45.512314,-73.52418,5.4,4
2057,97,168,6964.8,12.8,45.512264,-73.52416,5.3,4
2058,97,169,6969.5,12.8,45.51222,-73.52415,4.7,4
2059,97,170,6974.9,12.8,45.512177,-73.52414,5.4,4
2060,97,171,6980.2,12.6,45.51212,-73.52412,5.3,4
2061,97,171,6985.2,12.6,45.51207,-73.5241,5,4
2062,97,171,6992.1,12.6,45.512024,-73.524086,6.9,4
2063,97,172,6997.2,12.6,45.51198,-73.52407,5.1,4
2064,97,173,7002.7,12.6,45.51194,-73.52406,5.5,4
2065,97,173,7008.2,12.4,45.51188,-73.52405,5.5,4
2066,97,173,7013.1,12.4,45.511833,-73.524025,4.9,4
2067,97,173,7019.2,12.4,45.511784,-73.52401,6.1,4
2068,97,173,7024.7,12.4,45.511738,-73.524,5.5,4
2069,97,174,7030.3,12.4,45.51169,-73.52398,5.6,4
2070,97,174,7036.2,12.4,45.51164,-73.523964,5.9,4
2071,97,174,7041.2,12.4,45.511593,-73.52395,5,4
2072,97,173,7046.6,12.4,45.511543,-73.52393,5.4,4
2073,97,173,7052.2,12.4,45.5115,-73.52392,5.6,4
2074,97,173,7057.8,12.4,45.51145,-73.5239,5.6,4
2075,97,172,7063.7,12.4,45.511406,-73.523895,5.9,4
2076,97,172,7068.4,12.4,45.51136,-73.52388,4.7,4
2077,97,172,7073.8,12.2,45.511322,-73.52387,5.4,4
2078,97,172,7079,12.2,45.511265,-73.523865,5.2,4
2079,97,173,7083.7,12.2,45.51122,-73.52385,4.7,4
2080,97,173,7089.5,12.2,45.51117,-73.52384,5.8,4
2081,97,173,7094.7,12.2,45.511124,-73.52383,5.2,4
2082,97,173,7100,12.2,45.511078,-73.52381,5.3,4
2083,97,173,7105.3,12.2,45.51103,-73.523796,5.3,4
2084,97,173,7110.8,12.4,45.51098,-73.52378,5.5,4
2085,97,173,7116.3,12.4,45.510937,-73.523766,5.5,4
2086,97,173,7121.9,12.4,45.51089,-73.52375,5.6,4
2087,97,173,7126.9,12.4,45.51083,-73.52373,5,4
2088,97,173,7133.2,12.4,45.510784,-73.52372,6.3,4
2089,97,173,7138.8,12.4,45.51074,-73.523705,5.6,4
2090,97,174,7144.4,12.4,45.51069,-73.52369,5.6,4
2091,97,174,7149.9,12.6,45.51064,-73.523674,5.5,4
2092,97,174,7155.6,12.6,45.510593,-73.52367,5.7,4
2093,97,174,7161.5,12.8,45.510544,-73.52365,5.9,4
2094,97,175,7166.9,12.8,45.510494,-73.523636,5.4,4
2095,97,176,7172.4,12.8,45.510445,-73.52361,5.5,4
2096,97,176,7178.6,12.8,45.510395,-73.5236,6.2,4
2097,97,176,7184.3,13,45.51035,-73.52358,5.7,4
2098,97,177,7189.3,13,45.510303,-73.523575,5,4
2099,97,177,7194.8,13,45.510258,-73.52357,5.5,4
2100,97,178,7200.3,13,45.510212,-73.52355,5.5,4
2101,97,178,7205.4,13,45.510166,-73.52354,5.1,4
2102,97,178,7210.5,12.8,45.510117,-73.52352,5.1,4
2103,97,178,7215.8,12.8,45.510082,-73.52351,5.3,4
2104,97,179,7221,12.8,45.51002,-73.5235,5.2,4
2105,97,180,7225.5,12.6,45.50997,-73.52348,4.5,4
2106,97,180,7231.3,12.6,45.509922,-73.52347,5.8,4
2107,97,180,7236.8,12.6,45.509884,-73.52345,5.5,4
2108,97,181,7242.4,12.4,45.509827,-73.52344,5.6,4
2109,97,182,7247.4,12.4,45.509773,-73.523415,5,4
2110,97,181,7253.8,12.4,45.509724,-73.5234,6.4,4
2111,97,181,7259.8,12.4,45.509686,-73.52339,6,4
2112,97,181,7265.7,12.4,45.509636,-73.52338,5.9,4
2113,97,180,7270.9,12.2,45.509575,-73.52335,5.2,4
2114,97,179,7277.3,12.2,45.50953,-73.52334,6.4,4
2115,97,179,7282.9,12.2,45.509483,-73.52333,5.6,4
2116,97,179,7288.6,12,45.509438,-73.523315,5.7,4
2117,97,179,7294,12,45.509388,-73.5233,5.4,4
2118,97,179,7300,11.8,45.509342,-73.523285,6,4
2119,97,179,7304.9,11.8,45.509293,-73.52327,4.9,4
2120,97,179,7310.2,11.8,45.509254,-73.523254,5.3,4
2121,97,179,7315.6,11.8,45.509193,-73.52323,5.4,4
2122,97,179,7321,11.8,45.509144,-73.52322,5.4,4
2123,97,179,7327.1,11.6,45.509094,-73.5232,6.1,4
2124,97,180,7332.2,11.6,45.509056,-73.52319,5.1,4
2125,97,180,7337.8,11.4,45.509,-73.52317,5.6,4
2126,97,180,7342.9,11.4,45.508953,-73.523155,5.1,4
2127,97,181,7349.2,11.4,45.508904,-73.52315,6.3,4
2128,97,181,7354.8,11.4,45.508854,-73.52313,5.6,4
2129,97,182,7360.4,11.2,45.508816,-73.523125,5.6,4
2130,97,182,7366,11.2,45.50876,-73.5231,5.6,4
2131,97,182,7371.3,11.2,45.50871,-73.52309,5.3,4
2132,97,182,7376.7,11.2,45.50866,-73.52307,5.4,4
2133,97,182,7382.4,11.2,45.50861,-73.523056,5.7,4
2134,97,183,7388.1,11.2,45.50856,-73.52303,5.7,4
2135,97,183,7394.3,11.2,45.50851,-73.52302,6.2,4
2136,97,183,7399.4,11.2,45.508457,-73.523,5.1,4
2137,97,184,7405.3,11.2,45.508408,-73.52298,5.9,4
2138,97,184,7411.4,11.2,45.50837,-73.522964,6.1,4
2139,97,185,7417.3,11.2,45.50831,-73.52294,5.9,4
2140,97,186,7423.2,11.2,45.50826,-73.52293,5.9,4
2141,97,186,7429.2,11.2,45.508213,-73.5229,6,4
2142,97,186,7434.9,11.2,45.508163,-73.52289,5.7,4
2143,97,186,7440.4,11.2,45.508114,-73.52287,5.5,4
2144,97,187,7446.2,11.2,45.508064,-73.52286,5.8,4
2145,97,187,7452,11.4,45.50802,-73.52284,5.8,4
2146,97,187,7457.6,11.4,45.507977,-73.52283,5.6,4
2147,97,188,7462.8,11.4,45.507927,-73.52282,5.2,4
2148,97,188,7467.8,11.4,45.50788,-73.522804,5,4
2149,97,188,7473.6,11.4,45.50783,-73.52279,5.8,4
2150,97,188,7478.2,11.4,45.507793,-73.52277,4.6,4
2151,97,188,7483.6,11.4,45.507744,-73.52275,5.4,4
2152,97,189,7488.4,11.4,45.507683,-73.52273,4.8,4
2153,97,189,7493.9,11.4,45.507633,-73.52271,5.5,4
2154,97,189,7500.1,11.4,45.50758,-73.52269,6.2,4
2155,97,189,7505.8,11.4,45.50754,-73.52268,5.7,4
2156,97,189,7511.7,11.4,45.507484,-73.52266,5.9,4
2157,97,189,7517.2,11.6,45.50744,-73.52265,5.5,4
2158,97,189,7523.6,11.6,45.50739,-73.52264,6.4,4
2159,97,189,7529.4,11.6,45.50735,-73.52262,5.8,4
2160,97,190,7535,11.6,45.5073,-73.522606,5.6,4
2161,97,190,7540.4,11.6,45.50725,-73.52258,5.4,4
2162,97,190,7545.9,11.6,45.507202,-73.52257,5.5,4
2163,97,190,7550.7,11.6,45.507156,-73.52255,4.8,4
2164,97,190,7556,11.6,45.507107,-73.52254,5.3,4
2165,97,190,7561.4,11.8,45.50705,-73.52252,5.4,4
2166,97,190,7567.6,11.8,45.507,-73.52251,6.2,4
2167,97,190,7573.1,11.8,45.50696,-73.5225,5.5,4
2168,97,190,7578.9,11.8,45.506916,-73.52249,5.8,4
2169,97,190,7583.6,11.8,45.50686,-73.52248,4.7,4
2170,97,190,7589.8,11.8,45.50683,-73.52248,6.2,4
2171,97,190,7595.5,11.8,45.506786,-73.52247,5.7,4
2172,97,190,7599.7,11.8,45.506744,-73.52245,4.2,4
2173,97,190,7604.2,11.8,45.506706,-73.52244,4.5,4
2174,97,190,7608.6,11.8,45.506657,-73.52243,4.4,4
2175,97,190,7612.9,11.8,45.50662,-73.522415,4.3,4
2176,97,190,7617.2,12,45.506577,-73.522415,4.3,4
2177,97,190,7621.6,12,45.50653,-73.5224,4.4,4
2178,97,190,7626.5,12,45.506485,-73.522385,4.9,4
2179,97,191,7631.3,12.2,45.506435,-73.52237,4.8,4
2180,97,191,7635.8,12.2,45.50638,-73.522354,4.5,4
2181,97,191,7641.8,12.4,45.506336,-73.52235,6,4
2182,97,191,7648.1,12.4,45.506287,-73.52233,6.3,4
2183,97,191,7653.5,12.4,45.506237,-73.52232,5.4,4
2184,97,191,7659.5,12.4,45.506187,-73.5223,6,4
2185,97,191,7665.1,12.4,45.506138,-73.52229,5.6,4
2186,97,191,7671.4,12.4,45.50609,-73.522285,6.3,4
2187,97,191,7677.7,12.6,45.506027,-73.52227,6.3,4
2188,97,191,7683.4,12.6,45.505985,-73.522255,5.7,4
2189,97,191,7689.8,12.6,45.505928,-73.52224,6.4,4
2190,97,191,7695.2,12.6,45.50589,-73.52223,5.4,4
2191,95,191,7700.9,12.6,45.50584,-73.52222,5.7,4
2192,94,191,7706.5,12.6,45.5058,-73.5222,5.6,4
2193,94,191,7712,12.6,45.505753,-73.52219,5.5,4
2194,95,191,7717,12.6,45.50571,-73.52217,5,4
2195,96,192,7722,12.6,45.505665,-73.522156,5,4
2196,95,192,7726.8,12.8,45.505623,-73.52215,4.8,4
2197,94,192,7731.9,12.8,45.50556,-73.52213,5.1,4
2198,96,192,7736.2,12.8,45.50552,-73.522125,4.3,4
2199,96,192,7742.4,12.8,45.505474,-73.52211,6.2,4
2200,96,192,7746.6,12.8,45.50543,-73.522095,4.2,4
2201,96,192,7752.4,12.8,45.505383,-73.52208,5.8,4
2202,96,192,7757.8,12.8,45.505325,-73.522064,5.4,4
2203,95,192,7763.3,12.8,45.505283,-73.52206,5.5,4
2204,96,191,7769.3,12.8,45.505245,-73.52205,6,4
2205,96,191,7774.8,12.8,45.505196,-73.52203,5.5,4
2206,96,191,7779.6,12.8,45.505146,-73.52202,4.8,4
2207,96,191,7785.4,12.8,45.505096,-73.522,5.8,4
2208,96,191,7790.2,12.8,45.505047,-73.52199,4.8,4
2209,96,191,7796.1,13,45.504993,-73.52197,5.9,4
2210,96,191,7801.8,13,45.50493,-73.52194,5.7,4
2211,96,191,7807.8,13,45.504875,-73.52193,6,4
2212,96,190,7814.9,13,45.504833,-73.52191,7.1,4
2213,96,190,7820.7,13.2,45.50478,-73.52189,5.8,4
2214,96,190,7826.7,13.2,45.50473,-73.521866,6,4
2215,96,190,7833.6,13.2,45.50468,-73.52185,6.9,4
2216,96,190,7839.8,13.2,45.50463,-73.52183,6.2,4
2217,96,190,7845.8,13.2,45.50458,-73.52181,6,4
2218,96,190,7851.8,13.2,45.50453,-73.5218,6,4
2219,96,190,7857.8,13.2,45.50448,-73.52178,6,4
2220,96,190,7863.3,13.4,45.50442,-73.52177,5.5,4
2221,96,190,7868.2,13.4,45.504383,-73.52175,4.9,4
2222,96,191,7874.2,13.4,45.504333,-73.521736,6,4
2223,96,191,7879.7,13.4,45.504272,-73.52171,5.5,4
2224,96,191,7885.5,13.4,45.50423,-73.5217,5.8,4
2225,96,191,7891.7,13.4,45.50418,-73.52168,6.2,4
2226,96,191,7897,13.6,45.504135,-73.52166,5.3,4
2227,96,191,7902.7,13.6,45.504086,-73.521645,5.7,4
2228,96,191,7908.3,13.6,45.50404,-73.52163,5.6,4
2229,96,191,7913.8,13.6,45.50399,-73.521614,5.5,4
2230,96,191,7919.2,13.6,45.503944,-73.52161,5.4,4
2231,96,191,7924.2,13.6,45.503883,-73.52158,5,4
2232,96,191,7930.2,13.8,45.503822,-73.52156,6,4
2233,96,191,7936.6,13.8,45.50377,-73.521545,6.4,4
2234,96,191,7942.5,13.8,45.50373,-73.52154,5.9,4
2235,96,191,7949,13.8,45.50368,-73.521515,6.5,4
2236,96,191,7954.4,13.8,45.503628,-73.5215,5.4,4
2237,96,191,7960.3,14,45.50357,-73.52149,5.9,4
2238,96,191,7966.6,14,45.503513,-73.52148,6.3,4
2239,96,191,7972.8,14,45.503468,-73.52147,6.2,4
2240,96,191,7979.3,14,45.50343,-73.52146,6.5,4
2241,96,191,7985.2,14,45.503372,-73.52145,5.9,4
2242,96,191,7989.5,14,45.503326,-73.52143,4.3,4
2243,96,191,7994.8,14.2,45.50329,-73.52142,5.3,4
2244,98,191,8000,14.2,45.50324,-73.52141,5.2,4
2245,97,191,8005.6,14.2,45.503193,-73.5214,5.6,4
2246,97,191,8010.7,14.2,45.503143,-73.521385,5.1,4
2247,97,191,8015.7,14.2,45.503094,-73.52137,5,4
2248,97,191,8020.6,14.2,45.503048,-73.52136,4.9,4
2249,97,191,8025.5,14.2,45.503,-73.52135,4.9,4
2250,97,191,8030.9,14.2,45.502953,-73.52133,5.4,4
2251,97,191,8036.9,14.2,45.502914,-73.52132,6,4
2252,97,191,8041.8,14.2,45.502884,-73.5213,4.9,4
2253,91,190,8046.2,14.2,45.502857,-73.521286,4.4,4
2254,85,188,8050.6,14.2,45.50284,-73.52128,4.4,4
2255,83,189,8053.9,14,45.502823,-73.52127,3.3,4
2256,75,189,8056.2,14,45.502804,-73.52127,2.3,4
2257,68,189,8057.8,14,45.5028,-73.52127,1.6,4
2258,65,189,8058.9,14,45.50279,-73.52126,1.1,4
2259,62,187,8058.9,13.8,45.502777,-73.52126,0,4
2260,61,183,8058.9,13.8,45.502766,-73.52126,0,4
2261,60,183,8058.9,13.8,45.502754,-73.521255,0,4
2262,60,180,8058.9,13.8,45.502747,-73.521255,0,4
2263,60,177,8058.9,13.6,45.502735,-73.521255,0,4
2264,60,173,8058.9,13.6,45.50272,-73.521255,0,4
2265,59,173,8059.5,13.4,45.502712,-73.52125,0.6,4
2266,59,173,8060.4,13.4,45.502705,-73.52125,0.9,4
2267,59,172,8061.3,13.2,45.502693,-73.52125,0.9,4
2268,59,170,8062.5,13.2,45.502686,-73.52124,1.2,4
2269,59,171,8063.6,13.2,45.502678,-73.52124,1.1,4
2270,59,172,8064.6,13.2,45.502666,-73.52123,1,4
2271,59,172,8065.5,13.2,45.50266,-73.521225,0.9,4
2272,59,171,8066.5,13,45.502644,-73.52123,1,4
2273,59,171,8067.7,13,45.502636,-73.521225,1.2,4
2274,59,169,8068.9,13,45.50262,-73.521225,1.2,4
2275,59,167,8070,12.8,45.502613,-73.52122,1.1,4
2276,59,167,8071.4,12.8,45.5026,-73.521225,1.4,4
2277,59,164,8072.8,12.8,45.50259,-73.52123,1.4,4
2278,59,165,8074,12.6,45.50259,-73.52123,1.2,4
2279,59,164,8075.2,12.6,45.502598,-73.52124,1.2,4
2280,59,162,8075.7,12.6,45.5026,-73.52124,0.5,4
2281,59,162,8075.9,12.4,45.502617,-73.52124,0.2,4
2282,59,160,8076,12.4,45.502625,-73.52123,0.1,4
2283,59,161,8076.5,12.4,45.502636,-73.52123,0.5,4
2284,57,162,8076.7,12.4,45.502644,-73.52123,0.2,4
2285,57,160,8076.8,12.4,45.502655,-73.52123,0.1,4
2286,53,160,8077,12.4,45.502666,-73.52124,0.2,4
2287,53,157,8078.1,12.4,45.502678,-73.52124,1.1,4
2288,53,155,8080.1,12.2,45.502686,-73.52125,2,4
2289,51,151,8081.7,12.2,45.502693,-73.521255,1.6,4
2290,52,149,8083.1,12,45.502705,-73.52127,1.4,4
2291,52,149,8084.6,12,45.502716,-73.52128,1.5,4
2292,54,148,8085.8,12,45.502728,-73.52128,1.2,4
2293,54,146,8087.1,11.8,45.50273,-73.52127,1.3,4
2294,54,142,8088.2,11.8,45.502728,-73.52126,1.1,4
2295,54,140,8088.9,11.8,45.502716,-73.52126,0.7,4
2296,54,140,8088.9,11.8,45.502705,-73.52126,0,4
2297,55,140,8088.9,11.8,45.502693,-73.521255,0,4
2298,55,139,8089.8,11.8,45.50269,-73.52125,0.9,4
2299,56,136,8090.3,11.6,45.50267,-73.52125,0.5,4
2300,57,136,8090.3,11.6,45.502655,-73.521255,0,4
2301,57,136,8090.3,11.6,45.502647,-73.52126,0,4
2302,57,135,8091.4,11.4,45.50264,-73.52126,1.1,4
2303,56,135,8093.6,11.4,45.50263,-73.52126,2.2,4
2304,52,134,8095.5,11.4,45.50263,-73.52126,1.9,4
2305,52,134,8097,11.2,45.502625,-73.52126,1.5,4
2306,50,134,8097.6,11.2,45.50262,-73.521255,0.6,4
2307,50,135,8098,11.2,45.502617,-73.521255,0.4,4
2308,49,135,8098.4,11.2,45.50261,-73.521255,0.4,4
2309,49,135,8099.2,11.2,45.502605,-73.52126,0.8,4
2310,49,135,8099.3,11,45.50261,-73.52126,0.1,4
2311,49,135,8099.3,11,45.502617,-73.52126,0,4
2312,49,133,8099.3,10.8,45.502625,-73.52126,0,4
2313,49,131,8099.3,10.8,45.50263,-73.521255,0,4
2314,51,130,8099.3,10.8,45.502632,-73.521255,0,4
2315,52,130,8099.3,10.6,45.50264,-73.521255,0,4
2316,52,130,8099.3,10.6,45.502644,-73.521255,0,4
2317,54,130,8099.3,10.6,45.502647,-73.521255,0,4
2318,54,130,8099.7,10.6,45.502655,-73.52126,0.4,4
2319,53,129,8100.8,10.6,45.50266,-73.52127,1.1,4
2320,53,129,8101.8,10.6,45.502666,-73.52128,1,4
2321,52,129,8102.6,10.6,45.502674,-73.52128,0.8,4
2322,52,128,8103.4,10.6,45.50268,-73.52128,0.8,4
2323,51,127,8104.1,10.6,45.50269,-73.52128,0.7,4
2324,49,125,8105.1,10.6,45.502686,-73.52127,1,4
2325,49,125,8105.7,10.6,45.50268,-73.52126,0.6,4
2326,49,125,8106.1,10.6,45.502674,-73.52126,0.4,4
2327,49,125,8106.3,10.6,45.502666,-73.52126,0.2,4
2328,49,124,8106.9,10.6,45.50266,-73.52126,0.6,4
2329,49,124,8107.3,10.6,45.502647,-73.52127,0.4,4
2330,49,124,8107.4,10.6,45.502644,-73.521286,0.1,4
2331,49,124,8107.8,10.6,45.50264,-73.52129,0.4,4
2332,49,124,8108.1,10.6,45.502644,-73.52129,0.3,4
2333,49,123,8109.1,10.6,45.50265,-73.52129,1,4
2334,49,122,8110,10.6,45.50266,-73.521286,0.9,4
2335,49,121,8110.2,10.6,45.502666,-73.521286,0.2,4
2336,49,121,8110.6,10.6,45.50267,-73.521286,0.4,4
2337,49,120,8111.3,10.6,45.502678,-73.521286,0.7,4
2338,49,120,8111.5,10.6,45.50268,-73.521286,0.2,4
2339,49,121,8111.6,10.6,45.50269,-73.521286,0.1,4
2340,49,120,8111.6,10.6,45.502693,-73.52129,0,4
2341,49,120,8112.2,10.6,45.502693,-73.52129,0.6,4
2342,49,120,8113.2,10.6,45.502697,-73.521286,1,4
2343,49,119,8113.8,10.6,45.5027,-73.52128,0.6,4
2344,49,119,8114.1,10.6,45.5027,-73.52128,0.3,4
2345,49,118,8114.3,10.6,45.502705,-73.52127,0.2,4
2346,49,118,8114.4,10.6,45.50271,-73.52127,0.1,4
2347,49,118,8114.4,10.6,45.50271,-73.52127,0,4
2348,0,118,8114.4,10.6,45.50271,-73.52127,0,4
2349,0,117,8114.4,10.6,45.50271,-73.52127,0,4
2350,0,116,8114.4,10.6,45.50271,-73.52127,0,4
2351,0,116,8114.4,10.6,45.50271,-73.52127,0,4
2352,0,115,8114.4,10.6,45.50271,-73.52127,0,4
2353,0,115,8114.4,10.6,45.50271,-73.52127,0,4
2354,0,116,8114.4,10.6,45.502728,-73.52128,0,4
2355,0,116,8114.4,10.6,45.502747,-73.521286,0,4
2356,50,116,8114.7,10.6,45.502766,-73.52129,0.3,4
2357,50,116,8116.1,10.6,45.50279,-73.52129,1.4,4
2358,53,117,8118.1,10.6,45.50281,-73.5213,2,4
2359,65,117,8120.8,10.6,45.50284,-73.52132,2.7,4
2360,65,118,8124.1,10.6,45.502876,-73.52133,3.3,4
2361,65,118,8128.1,10.6,45.50291,-73.52135,4,4
2362,75,118,8133,10.6,45.502953,-73.521355,4.9,4
2363,88,118,8138.3,10.6,45.502995,-73.52137,5.3,4
2364,91,118,8144.1,10.6,45.503036,-73.52138,5.8,4
2365,93,117,8149.3,10.6,45.503086,-73.52139,5.2,4
2366,93,117,8155.2,10.6,45.50313,-73.52141,5.9,4
2367,93,118,8161.5,10.6,45.50318,-73.521416,6.3,4
2368,95,118,8167.9,10.8,45.503227,-73.52144,6.4,4
2369,96,118,8174.2,10.8,45.503277,-73.521454,6.3,4
2370,96,118,8180.5,10.8,45.503326,-73.52148,6.3,4
2371,96,118,8186.7,11,45.50338,-73.52149,6.2,4
2372,96,117,8192.8,11,45.50343,-73.52151,6.1,4
2373,96,116,8198.9,11,45.503483,-73.52152,6.101,4
2374,96,114,8205.2,11,45.503536,-73.52153,6.3,4
2375,96,114,8211.5,11,45.503586,-73.521545,6.3,4
2376,96,114,8217.6,11,45.50364,-73.52155,6.1,4
2377,96,114,8223.7,11,45.50369,-73.52157,6.101,4
2378,96,113,8229.8,11,45.50374,-73.52158,6.1,4
2379,96,114,8235.7,11,45.503788,-73.52159,5.9,4
2380,96,117,8241.4,11,45.503838,-73.52161,5.7,4
2381,98,117,8247.4,11,45.503887,-73.52164,6,4
2382,97,121,8253,11,45.503944,-73.52165,5.6,4
2383,97,125,8259,11,45.503994,-73.521675,6,4
2384,97,129,8264.9,11,45.504047,-73.52169,5.9,4
2385,97,132,8271,11,45.504097,-73.521706,6.1,4
2386,97,132,8276.9,11,45.504147,-73.52172,5.9,4
2387,97,133,8282.7,11,45.5042,-73.52174,5.8,4
2388,97,134,8288.8,11,45.504253,-73.52176,6.1,4
2389,97,141,8295.1,11,45.504303,-73.521774,6.3,4
2390,97,144,8301.1,11,45.504353,-73.52179,6,4
2391,97,144,8307.1,11,45.504402,-73.521805,6,4
2392,97,144,8312.8,11,45.50445,-73.52182,5.7,4
2393,98,143,8318.3,11,45.5045,-73.52184,5.5,4
2394,97,146,8323.9,11,45.50455,-73.52186,5.601,4
2395,97,146,8329.6,11,45.5046,-73.521866,5.699,4
2396,97,146,8335.3,11,45.50465,-73.52188,5.7,4
2397,97,149,8340.9,11,45.504704,-73.5219,5.601,4
2398,97,152,8346.4,11,45.50475,-73.52191,5.5,4
2399,97,155,8352.2,11,45.5048,-73.52193,5.8,4
2400,97,158,8357.8,11.2,45.50485,-73.52194,5.6,4
2401,97,158,8363.5,11.2,45.5049,-73.521965,5.7,4
2402,97,161,8369.2,11.2,45.50495,-73.52198,5.7,4
2403,97,163,8375.1,11.2,45.505,-73.521996,5.899,4
2404,97,165,8380.9,11.2,45.50505,-73.522,5.801,4
2405,97,166,8386.5,11.2,45.5051,-73.52202,5.6,4
2406,97,166,8392.3,11.2,45.50515,-73.52203,5.8,4
2407,97,167,8397.9,11.4,45.505196,-73.52205,5.601,4
2408,97,167,8403.5,11.4,45.505245,-73.522064,5.6,4
2409,97,167,8409.1,11.4,45.505295,-73.52208,5.6,4
2410,97,168,8414.4,11.4,45.505344,-73.522095,5.301,4
2411,97,168,8420,11.4,45.505394,-73.52211,5.6,4
2412,97,169,8425.5,11.4,45.505444,-73.522125,5.5,4
2413,97,170,8431,11.2,45.505493,-73.52213,5.5,4
2414,98,171,8436.6,11.2,45.505543,-73.52215,5.6,4
2415,97,171,8442.4,11.2,45.505592,-73.52216,5.801,4
2416,97,171,8448.2,11.2,45.505642,-73.52218,5.8,4
2417,97,171,8453.9,11.2,45.50569,-73.5222,5.7,4
2418,97,171,8459.7,11.2,45.50574,-73.522224,5.8,4
2419,97,170,8465.6,11,45.505787,-73.52224,5.899,4
2420,97,170,8471.3,11,45.505833,-73.52226,5.7,4
2421,97,170,8476.8,10.8,45.50588,-73.522285,5.5,4
2422,97,170,8482.1,10.8,45.505924,-73.5223,5.3,4
2423,97,170,8487.6,10.6,45.505974,-73.52231,5.5,4
2424,97,170,8493,10.6,45.506023,-73.522316,5.4,4
2425,97,169,8498.3,10.6,45.506077,-73.52233,5.3,4
2426,97,169,8503.8,10.4,45.506123,-73.52235,5.5,4
2427,97,167,8509.4,10.2,45.50617,-73.52236,5.601,4
2428,97,166,8514.7,10.2,45.506218,-73.52238,5.3,4
2429,97,163,8520.1,10,45.506264,-73.52239,5.399,4
2430,97,163,8525.6,10,45.506313,-73.5224,5.5,4
2431,97,163,8531.2,10,45.506363,-73.5224,5.601,4
2432,97,162,8536.7,9.8,45.50641,-73.52241,5.5,4
2433,97,162,8542.1,9.6,45.50646,-73.522415,5.399,4
2434,97,161,8547.6,9.4,45.506508,-73.52242,5.5,4
2435,97,161,8552.7,9.4,45.506554,-73.52244,5.101,4
2436,97,161,8558.1,9.2,45.506603,-73.522446,5.399,4
2437,97,161,8563.5,9.2,45.50665,-73.52246,5.4,4
2438,97,161,8568.9,9.2,45.506695,-73.52248,5.4,4
2439,97,162,8574.4,9,45.506744,-73.52249,5.5,4
2440,97,163,8579.8,9,45.50679,-73.52251,5.399,4
2441,97,163,8585.4,8.8,45.50684,-73.52252,5.601,4
2442,97,163,8590.7,8.8,45.50688,-73.52253,5.3,4
2443,97,163,8596.1,8.6,45.50693,-73.52255,5.399,4
2444,97,163,8601.3,8.6,45.50698,-73.52256,5.2,4
2445,97,163,8606.8,8.6,45.50703,-73.522575,5.5,4
2446,97,163,8612.3,8.6,45.50708,-73.52259,5.5,4
2447,97,163,8617.9,8.4,45.507126,-73.522606,5.601,4
2448,97,163,8623.4,8.4,45.507175,-73.52261,5.5,4
2449,97,163,8628.9,8.4,45.507225,-73.52263,5.5,4
2450,97,163,8634.6,8.2,45.507275,-73.52264,5.699,4
2451,97,163,8640.3,8.2,45.50732,-73.522644,5.7,4
2452,97,163,8645.7,8.2,45.507366,-73.52266,5.4,4
2453,97,163,8651.3,8.2,45.507416,-73.522675,5.6,4
2454,97,163,8656.6,8,45.50746,-73.52268,5.3,4
2455,97,163,8662.1,8,45.507515,-73.5227,5.5,4
2456,97,163,8667.5,8,45.50756,-73.52271,5.4,4
2457,97,164,8673,8,45.50761,-73.52272,5.5,4
2458,97,164,8678.5,8,45.50766,-73.522736,5.5,4
2459,97,164,8684,8,45.50771,-73.52275,5.5,4
2460,97,165,8689.6,8,45.50776,-73.522766,5.6,4
2461,97,165,8695.4,8,45.507805,-73.52278,5.801,4
2462,97,165,8701,8,45.507854,-73.5228,5.6,4
2463,97,164,8706.7,8.2,45.5079,-73.52281,5.7,4
2464,97,161,8712.2,8.2,45.50795,-73.52283,5.5,4
2465,97,159,8717.9,8.2,45.508003,-73.52285,5.7,4
2466,97,159,8723.5,8.4,45.508053,-73.52286,5.6,4
2467,97,158,8729.2,8.4,45.5081,-73.52287,5.7,4
2468,97,157,8734.9,8.6,45.50815,-73.52289,5.7,4
2469,97,158,8740.5,8.6,45.508194,-73.52291,5.6,4
2470,97,159,8746,8.6,45.508244,-73.52293,5.5,4
2471,97,159,8751.6,8.6,45.508293,-73.52295,5.6,4
2472,97,159,8757.2,8.8,45.508343,-73.52297,5.601,4
2473,97,159,8762.9,8.8,45.508392,-73.52299,5.7,4
2474,97,160,8768.6,8.8,45.508442,-73.52301,5.699,4
2475,97,160,8774.5,9,45.50849,-73.52302,5.9,4
2476,97,160,8780.1,9,45.508537,-73.52303,5.6,4
2477,97,160,8785.6,9,45.508587,-73.52305,5.5,4
2478,97,160,8791.2,9,45.508636,-73.523056,5.601,4
2479,97,160,8796.7,9,45.508682,-73.52308,5.5,4
2480,97,160,8802.6,9,45.50873,-73.5231,5.899,4
2481,97,160,8808.1,9.2,45.50878,-73.52312,5.5,4
2482,97,161,8813.7,9.2,45.50883,-73.523125,5.601,4
2483,97,161,8819.2,9.2,45.50888,-73.52314,5.5,4
2484,97,161,8824.6,9.2,45.50893,-73.523155,5.399,4
2485,98,161,8830.3,9.2,45.508976,-73.52318,5.7,4
2486,97,161,8835.9,9.2,45.50903,-73.523186,5.601,4
2487,97,161,8841.6,9.2,45.50908,-73.5232,5.699,4
2488,97,161,8847.4,9.2,45.50913,-73.52322,5.801,4
2489,97,161,8853,9.2,45.50918,-73.52323,5.6,4
2490,97,161,8858.9,9.2,45.509228,-73.52325,5.9,4
2491,97,161,8864.6,9.2,45.509277,-73.523254,5.699,4
2492,97,161,8870.1,9.2,45.509327,-73.52327,5.5,4
2493,97,161,8875.9,9.2,45.509377,-73.523285,5.801,4
2494,97,162,8881.6,9.2,45.509426,-73.5233,5.699,4
2495,97,162,8887.4,9.2,45.50947,-73.52332,5.801,4
2496,97,162,8893.1,9,45.50952,-73.52333,5.699,4
2497,97,162,8898.5,9,45.50957,-73.523346,5.4,4
2498,97,162,8904.2,9,45.509617,-73.52336,5.7,4
2499,97,163,8909.5,9,45.509666,-73.52338,5.3,4
2500,97,163,8915.1,9,45.509716,-73.52339,5.6,4
2501,97,163,8920.7,9,45.509766,-73.52341,5.601,4
2502,97,163,8926.1,9,45.509815,-73.52342,5.399,4
2503,97,163,8931.6,9,45.50986,-73.52344,5.5,4
2504,97,164,8937.2,9,45.50991,-73.52346,5.601,4
2505,97,164,8942.8,9,45.509956,-73.523476,5.6,4
2506,97,164,8948.4,9,45.510006,-73.5235,5.601,4
2507,97,165,8953.7,9,45.510056,-73.523506,5.3,4
2508,97,165,8959.4,9,45.5101,-73.52352,5.7,4
2509,97,166,8965.1,9,45.51015,-73.52354,5.699,4
2510,97,166,8970.7,9,45.510197,-73.52356,5.601,4
2511,97,166,8976.3,9,45.510246,-73.52357,5.6,4
2512,97,166,8981.6,9,45.510296,-73.52358,5.3,4
2513,97,166,8987.1,9,45.51034,-73.5236,5.5,4
2514,97,166,8992.6,9,45.510395,-73.52361,5.5,4
2515,97,166,8998.2,9,45.510445,-73.52362,5.601,4
2516,97,166,9004,9,45.510494,-73.523636,5.8,4
2517,97,166,9009.6,9,45.51054,-73.52366,5.6,4
2518,97,166,9015.2,9,45.510593,-73.52367,5.601,4
2519,97,167,9020.8,9,45.51064,-73.52368,5.6,4
2520,97,167,9026.5,9,45.51069,-73.52369,5.7,4
2521,97,167,9032.1,9,45.51074,-73.5237,5.6,4
2522,97,168,9037.7,9,45.510788,-73.523705,5.601,4
2523,97,168,9043.3,8.8,45.510834,-73.52372,5.6,4
2524,97,168,9048.8,8.8,45.510883,-73.523735,5.5,4
2525,97,168,9054.3,8.8,45.510933,-73.52375,5.5,4
2526,97,168,9059.8,8.6,45.51098,-73.523766,5.5,4
2527,97,168,9065.2,8.6,45.51103,-73.52379,5.4,4
2528,97,169,9070.7,8.6,45.511074,-73.5238,5.5,4
2529,97,169,9076.1,8.6,45.511124,-73.52381,5.399,4
2530,97,169,9081.8,8.6,45.51117,-73.523834,5.7,4
2531,97,169,9087.3,8.6,45.51122,-73.52385,5.5,4
2532,97,168,9092.7,8.6,45.51127,-73.52387,5.4,4
2533,97,168,9098.4,8.4,45.51132,-73.52389,5.7,4
2534,97,168,9104,8.4,45.511368,-73.5239,5.6,4
2535,97,168,9109.8,8.4,45.511417,-73.52392,5.8,4
2536,97,168,9115.4,8.4,45.511467,-73.52393,5.601,4
2537,97,167,9121,8.4,45.511517,-73.52395,5.6,4
2538,97,167,9126.9,8.4,45.511562,-73.523964,5.9,4
2539,97,168,9132.4,8.4,45.511612,-73.52398,5.5,4
2540,97,169,9138.1,8.4,45.51166,-73.523994,5.699,4
2541,97,169,9143.8,8.4,45.511707,-73.52402,5.7,4
2542,97,169,9149.2,8.4,45.511757,-73.52403,5.4,4
2543,97,169,9154.8,8.4,45.511806,-73.52404,5.6,4
2544,97,169,9160.5,8.4,45.511856,-73.524055,5.7,4
2545,97,170,9166.1,8.6,45.511906,-73.52407,5.6,4
2546,97,170,9171.7,8.6,45.511955,-73.524086,5.601,4
2547,97,170,9177.2,8.6,45.512005,-73.5241,5.5,4
2548,97,170,9182.9,8.6,45.51206,-73.52412,5.7,4
2549,97,171,9188.6,8.6,45.512108,-73.52413,5.699,4
2550,97,171,9194.6,8.6,45.512157,-73.52415,6,4
2551,97,171,9200.4,8.8,45.512207,-73.524155,5.801,4
2552,97,172,9206.1,8.8,45.512257,-73.52417,5.699,4
2553,97,172,9211.7,8.8,45.512306,-73.524185,5.601,4
2554,97,172,9217.4,9,45.512352,-73.5242,5.7,4
2555,96,173,9223.3,9,45.5124,-73.524216,5.899,4
2556,94,173,9229,9,45.512447,-73.52422,5.7,4
2557,94,173,9234.3,9.2,45.512493,-73.52424,5.3,4
2558,96,174,9239.6,9.2,45.51254,-73.524254,5.3,4
2559,96,179,9244.6,9.2,45.512585,-73.52427,5,4
2560,96,181,9249.9,9.2,45.512634,-73.524284,5.301,4
2561,96,181,9255.2,9.2,45.512684,-73.5243,5.3,4
2562,96,183,9260.5,9.2,45.512733,-73.524315,5.3,4
2563,96,184,9266,9.2,45.51278,-73.52433,5.5,4
2564,96,185,9271.4,9.2,45.51283,-73.524345,5.4,4
2565,96,185,9277,9.2,45.51288,-73.52437,5.6,4
2566,99,185,9282.6,9.2,45.512928,-73.52438,5.6,4
2567,98,186,9288.1,9.4,45.512974,-73.52441,5.5,4
2568,98,186,9294,9.4,45.513023,-73.52442,5.9,4
2569,97,187,9299.8,9.4,45.513073,-73.52444,5.8,4
2570,97,187,9305.7,9.4,45.513123,-73.52445,5.9,4
2571,97,187,9311.2,9.6,45.513172,-73.52447,5.5,4
2572,97,188,9316.8,9.6,45.513226,-73.52448,5.6,4
2573,97,188,9322.6,9.8,45.513275,-73.5245,5.8,4
2574,98,189,9328.6,9.8,45.513325,-73.52451,6,4
2575,98,189,9334.5,9.8,45.513374,-73.52451,5.9,4
2576,97,189,9340.1,10,45.513424,-73.52453,5.6,4
2577,97,189,9345.7,10,45.51347,-73.52454,5.601,4
2578,97,190,9351.3,10,45.51352,-73.52455,5.6,4
2579,97,190,9356.7,10,45.513565,-73.52457,5.4,4
2580,97,190,9362.4,10,45.513615,-73.52458,5.7,4
2581,97,190,9367.9,10,45.51366,-73.52459,5.5,4
2582,97,190,9373,10,45.51371,-73.524605,5.1,4
2583,97,191,9378.2,10,45.513756,-73.52462,5.2,4
2584,97,192,9383.5,10,45.5138,-73.524635,5.3,4
2585,97,192,9389.1,10,45.51385,-73.52465,5.6,4
2586,97,192,9394.3,10,45.5139,-73.524666,5.2,4
2587,97,192,9399.7,10,45.513947,-73.52468,5.4,4
2588,97,192,9405.4,10,45.514,-73.5247,5.7,4
2589,97,192,9410.9,10,45.51405,-73.52471,5.5,4
2590,98,192,9416.8,10,45.514103,-73.524734,5.899,4
2591,98,192,9422.6,9.8,45.514153,-73.52475,5.8,4
2592,97,192,9428.4,9.8,45.514202,-73.52477,5.801,4
2593,97,192,9434.5,9.8,45.51425,-73.52479,6.1,4
2594,97,191,9440.4,9.6,45.514305,-73.52481,5.9,4
2595,97,191,9446.6,9.6,45.51435,-73.524826,6.199,4
2596,97,191,9452.5,9.4,45.514397,-73.52485,5.9,4
2597,97,191,9458.3,9.4,45.514446,-73.524864,5.8,4
2598,97,191,9463.9,9.2,45.514496,-73.52488,5.601,4
2599,97,190,9469.5,9.2,45.514545,-73.524895,5.6,4
2600,97,189,9475.2,9.2,45.514595,-73.52491,5.7,4
2601,97,189,9480.8,9.2,45.51465,-73.524925,5.6,4
2602,97,188,9486.3,9.2,45.514698,-73.52493,5.5,4
2603,97,186,9491.9,9.2,45.514748,-73.52495,5.601,4
2604,97,185,9497.5,9.2,45.514793,-73.52496,5.6,4
2605,97,184,9503.2,9.2,45.514843,-73.52498,5.7,4
2606,97,184,9508.9,9.2,45.514885,-73.525,5.7,4
2607,97,184,9514.4,9.2,45.514935,-73.52501,5.5,4
2608,97,184,9519.5,9.2,45.51498,-73.525024,5.1,4
2609,97,183,9524.9,9.2,45.51503,-73.52504,5.4,4
2610,97,183,9530.3,9.2,45.515076,-73.52505,5.399,4
2611,97,183,9535.5,9.2,45.515125,-73.52504,5.2,4
2612,97,183,9540.7,9.2,45.51518,-73.525055,5.2,4
2613,97,183,9546,9.2,45.51523,-73.52507,5.3,4
2614,97,184,9551.7,9.2,45.515278,-73.525085,5.7,4
2615,97,184,9557.5,9.2,45.515327,-73.5251,5.8,4
2616,95,184,9563,9.2,45.515373,-73.525116,5.5,4
2617,94,185,9569,9.2,45.515423,-73.52513,6,4
2618,94,185,9574.4,9.2,45.51547,-73.52515,5.4,4
2619,95,187,9580.1,9.2,45.515514,-73.52517,5.699,4
2620,96,189,9585.8,9.2,45.51556,-73.52519,5.7,4
2621,96,189,9591.2,9.2,45.515602,-73.525215,5.4,4
2622,96,190,9596.5,9,45.51565,-73.52522,5.3,4
2623,96,190,9601.5,9,45.515697,-73.52524,5,4
2624,96,190,9606.7,9,45.515747,-73.52524,5.2,4
2625,96,190,9612.1,9,45.515797,-73.52525,5.399,4
2626,96,190,9617.4,9,45.515842,-73.52527,5.301,4
2627,96,190,9622.7,9,45.51589,-73.525276,5.3,4
2628,95,190,9627.9,9,45.515938,-73.52529,5.2,4
2629,96,190,9633.4,9,45.515984,-73.52531,5.5,4
2630,96,190,9638.8,9,45.516033,-73.52532,5.399,4
2631,96,190,9644.3,9,45.516083,-73.52533,5.5,4
2632,95,190,9650,9,45.516125,-73.525345,5.7,4
2633,94,190,9655.2,9,45.516167,-73.52535,5.2,4
2634,91,190,9660.3,9,45.516197,-73.52536,5.1,4
2635,87,190,9665.1,9.2,45.516224,-73.52537,4.8,4
2636,87,190,9669,9.2,45.516243,-73.525375,3.9,4
2637,79,188,9671.9,9.2,45.51626,-73.52537,2.9,4
2638,69,188,9674,9.2,45.51627,-73.52537,2.1,4
2639,64,188,9675.6,9.2,45.51628,-73.525375,1.6,4
2640,62,187,9676.7,9.2,45.51629,-73.525375,1.101,4
2641,60,187,9676.7,9.2,45.5163,-73.52538,0,4
2642,60,185,9676.7,9.4,45.51631,-73.52538,0,4
2643,59,186,9676.7,9.4,45.516323,-73.52539,0,4
2644,59,187,9676.7,9.4,45.51633,-73.5254,0,4
2645,58,184,9676.7,9.4,45.51634,-73.5254,0,4
2646,58,184,9676.7,9.4,45.51635,-73.525406,0,4
2647,57,182,9676.9,9.4,45.51636,-73.525406,0.2,4
2648,57,180,9677.8,9.4,45.516373,-73.52541,0.899,4
2649,57,177,9679,9.4,45.516384,-73.52541,1.2,4
2650,57,177,9680.1,9.4,45.51639,-73.52542,1.1,4
2651,57,177,9681.5,9.4,45.5164,-73.52543,1.4,4
2652,57,177,9682.5,9.4,45.51641,-73.52544,1,4
2653,57,174,9683.6,9.4,45.51642,-73.52544,1.1,4
2654,57,167,9685,9.4,45.516426,-73.525444,1.4,4
2655,58,164,9686,9.4,45.516434,-73.52544,1,4
2656,58,164,9687.1,9.4,45.516434,-73.52543,1.1,4
2657,58,163,9687.8,9.4,45.51643,-73.52542,0.7,4
2658,58,161,9688,9.2,45.516422,-73.52541,0.2,4
2659,58,158,9688.1,9.2,45.516407,-73.52541,0.1,4
2660,58,156,9688.4,9.2,45.5164,-73.52541,0.301,4
2661,58,156,9689,9.2,45.516396,-73.52543,0.6,4
2662,58,157,9689.1,9.2,45.51639,-73.52544,0.1,4
2663,58,157,9689.1,9.2,45.51639,-73.525444,0,4
2664,58,155,9689.1,9.2,45.5164,-73.52545,0,4
2665,58,154,9689.7,9.2,45.5164,-73.52545,0.601,4
2666,58,154,9690.7,9.2,45.516396,-73.525444,1,4
2667,58,153,9690.9,9.2,45.51639,-73.52544,0.2,4
2668,58,151,9690.9,9.2,45.51639,-73.52544,0,4
2669,58,151,9690.9,9.2,45.51639,-73.52544,0,4
2670,58,151,9690.9,9.4,45.51639,-73.52544,0,4
2671,58,151,9690.9,9.4,45.51639,-73.52544,0,4
2672,58,152,9690.9,9.4,45.51639,-73.52544,0,4
2673,58,154,9690.9,9.6,45.51639,-73.52544,0,4
2674,58,151,9690.9,9.6,45.51639,-73.52544,0,4
2675,58,148,9690.9,9.8,45.51639,-73.52544,0,4
2676,58,148,9690.9,9.8,45.51639,-73.52544,0,4
2677,58,146,9690.9,10,45.51639,-73.52544,0,4
2678,58,144,9690.9,10,45.51639,-73.52544,0,4
2679,58,142,9690.9,10,45.51639,-73.52544,0,4
2680,58,141,9690.9,10.2,45.51639,-73.52544,0,4
2681,58,141,9690.9,10.4,45.51639,-73.52544,0,4
2682,0,141,9690.9,10.4,45.51639,-73.52544,0,4
2683,0,141,9690.9,10.6,45.51639,-73.52544,0,4
2684,0,141,9690.9,10.6,45.51639,-73.52544,0,4
2685,23,140,9690.9,10.6,45.51639,-73.52544,0,4
2686,23,140,9690.9,10.8,45.51639,-73.52544,0,4
2687,35,139,9690.9,11,45.51639,-73.52544,0,4
2688,43,139,9690.9,11,45.51639,-73.52544,0,4
2689,47,138,9690.9,11.2,45.51639,-73.52544,0,4
2690,49,138,9690.9,11.2,45.51639,-73.52544,0,4
2691,50,138,9690.9,11.2,45.516388,-73.52544,0,4
2692,50,137,9690.9,11.4,45.516384,-73.52544,0,4
2693,54,136,9690.9,11.4,45.51638,-73.52544,0,4
2694,56,134,9690.9,11.6,45.516384,-73.52544,0,4
2695,57,133,9690.9,11.6,45.516388,-73.525444,0,4
2696,59,133,9690.9,11.8,45.51639,-73.525444,0,4
2697,59,132,9690.9,11.8,45.516396,-73.52544,0,4
2698,60,131,9690.9,11.8,45.51639,-73.52543,0,4
2699,60,130,9690.9,11.8,45.516388,-73.52542,0,4
2700,61,129,9690.9,12,45.51638,-73.52541,0,4
2701,61,129,9690.9,12,45.516365,-73.525406,0,4
2702,61,129,9690.9,12,45.51635,-73.5254,0,4
2703,61,129,9692.1,12.2,45.51634,-73.5254,1.199,4
2704,60,130,9693.5,12.2,45.516327,-73.5254,1.4,4
2705,60,130,9694.7,12.2,45.51632,-73.5254,1.2,4
2706,59,130,9696.5,12.2,45.516308,-73.52539,1.8,4
2707,59,129,9698.3,12.4,45.516296,-73.52539,1.8,4
2708,59,129,9700.3,12.4,45.51629,-73.52538,2,4
2709,59,128,9701.8,12.4,45.51628,-73.52538,1.5,4
2710,58,128,9703,12.4,45.516277,-73.52539,1.2,4
2711,58,128,9704,12.4,45.516277,-73.5254,1,4
2712,58,128,9704.5,12.4,45.516277,-73.52541,0.5,4
2713,58,127,9704.5,12.4,45.516285,-73.52542,0,4
2714,58,127,9704.9,12.2,45.516293,-73.52543,0.4,4
2715,58,126,9705.6,12.2,45.5163,-73.52543,0.699,4
2716,58,126,9705.9,12.2,45.516308,-73.52543,0.301,4
2717,58,126,9705.9,12.2,45.516315,-73.52543,0,4
2718,58,125,9706.1,12,45.516327,-73.52543,0.199,4
2719,58,125,9707,12,45.516335,-73.52543,0.9,4
2720,58,124,9708.2,11.8,45.516342,-73.52543,1.2,4
2721,58,124,9709.2,11.8,45.51635,-73.52543,1,4
2722,58,124,9710.2,11.8,45.51636,-73.52543,1,4
2723,58,124,9711.4,11.6,45.516373,-73.52543,1.2,4
2724,58,122,9712.4,11.4,45.51638,-73.52543,1,4
2725,58,122,9713.6,11.4,45.516388,-73.52544,1.199,4
2726,58,122,9714.6,11.2,45.51639,-73.52544,1,4
2727,0,122,9715.6,11.2,45.51639,-73.52544,1,4
2728,0,122,9716.1,11,45.516388,-73.52544,0.5,4
2729,0,122,9716.1,11,45.516384,-73.52544,0,4
2730,0,122,9716.1,10.8,45.516384,-73.52544,0,4
2731,0,122,9716.1,10.8,45.516384,-73.52544,0,4
2732,0,122,9716.1,10.8,45.516388,-73.52544,0,4
2733,0,122,9716.1,10.6,45.516388,-73.52544,0,4
2734,24,122,9716.1,10.6,45.51639,-73.52544,0,4
2735,43,121,9716.1,10.6,45.51639,-73.52544,0,4
2736,52,121,9716.1,10.6,45.51639,-73.52544,0,4
2737,52,120,9716.1,10.4,45.51639,-73.52544,0,4
2738,61,120,9716.1,10.2,45.51639,-73.52544,0,4
2739,61,120,9716.1,10,45.51639,-73.52544,0,4
2740,61,119,9716.1,10,45.51639,-73.52544,0,4
2741,61,119,9716.1,10,45.51639,-73.52544,0,4
2742,61,118,9716.1,9.8,45.51639,-73.52544,0,4
2743,60,118,9716.1,9.6,45.516388,-73.52544,0,4
2744,59,118,9716.1,9.6,45.51637,-73.52543,0,4
2745,59,117,9716.1,9.4,45.516354,-73.52542,0,4
2746,59,117,9716.1,9.2,45.51634,-73.52541,0,4
2747,59,116,9716.1,9.2,45.51632,-73.525406,0,4
2748,59,116,9717.3,9.2,45.516296,-73.5254,1.2,4
2749,68,116,9719.7,9,45.516266,-73.52539,2.4,4
2750,78,114,9722.8,9,45.51623,-73.52538,3.1,4
2751,85,113,9726.8,9,45.516193,-73.52537,4,4
2752,85,112,9731.5,8.8,45.516148,-73.52535,4.7,4
2753,85,112,9737,8.8,45.516106,-73.52534,5.5,4
2754,89,111,9742.7,8.6,45.516064,-73.52533,5.7,4
2755,91,112,9748.2,8.6,45.516014,-73.52531,5.5,4
2756,95,114,9754.2,8.6,45.515965,-73.52529,6,4
2757,96,114,9760.6,8.6,45.515915,-73.52528,6.399,4
2758,96,114,9767.5,8.6,45.51586,-73.52527,6.9,4
2759,96,113,9774.2,8.6,45.515812,-73.52525,6.7,4
2760,96,116,9780.8,8.6,45.51576,-73.52524,6.6,4
2761,96,119,9787.3,8.6,45.51571,-73.525215,6.5,4
2762,96,120,9793.7,8.6,45.51566,-73.5252,6.4,4
2763,96,120,9799.9,8.6,45.515606,-73.525185,6.2,4
2764,96,123,9806.1,8.6,45.515556,-73.52517,6.199,4
2765,96,128,9812.6,8.6,45.515507,-73.525154,6.5,4
2766,96,132,9818.5,8.8,45.515453,-73.52514,5.9,4
2767,96,134,9824.4,8.8,45.515404,-73.52512,5.9,4
2768,96,134,9830.3,8.8,45.515354,-73.5251,5.899,4
2769,96,134,9836.1,9,45.515305,-73.525085,5.8,4
2770,96,136,9841.9,9,45.51526,-73.52507,5.801,4
2771,96,136,9847.7,9.2,45.515217,-73.525055,5.8,4
2772,96,136,9853.1,9.2,45.51517,-73.52503,5.399,4
2773,96,136,9858.4,9.2,45.515125,-73.52502,5.301,4
2774,96,136,9863.6,9.2,45.51508,-73.525,5.199,4
2775,96,138,9868.7,9.2,45.515034,-73.524994,5.101,4
2776,96,142,9873.7,9.2,45.514984,-73.52498,5,4
2777,96,145,9878.7,9.4,45.51494,-73.52497,5,4
2778,96,145,9883.9,9.4,45.514885,-73.524956,5.2,4
2779,96,147,9889,9.4,45.51484,-73.52494,5.1,4
2780,96,147,9894.4,9.6,45.514793,-73.52492,5.4,4
2781,96,146,9899.9,9.6,45.514732,-73.52488,5.5,4
2782,95,144,9905.7,9.8,45.51468,-73.52486,5.8,4
2783,96,144,9912.6,9.8,45.514633,-73.52483,6.899,4
2784,96,143,9918.8,10,45.514595,-73.52482,6.2,4
2785,96,147,9925,10,45.514545,-73.52479,6.2,4
2786,96,147,9930.4,10,45.514496,-73.52478,5.4,4
2787,96,149,9936.3,10,45.514446,-73.524765,5.899,4
2788,96,149,9942,10,45.514397,-73.52475,5.7,4
2789,96,149,9947.8,10.2,45.514343,-73.524734,5.8,4
2790,99,154,9953.5,10.2,45.514294,-73.52473,5.7,4
2791,99,157,9959.3,10.2,45.514236,-73.52471,5.8,4
2792,98,159,9964.2,10.2,45.514187,-73.5247,4.9,4
2793,97,159,9970,10.2,45.514133,-73.52468,5.8,4
2794,97,161,9976,10.2,45.514088,-73.52467,6,4
2795,97,162,9982.5,10,45.514038,-73.52466,6.5,4
2796,97,162,9988.2,10,45.51399,-73.52464,5.7,4
2797,97,162,9994,10,45.513943,-73.524635,5.8,4
2798,95,162,9999.6,10,45.513897,-73.52462,5.6,4
2799,96,162,10004.9,10,45.513847,-73.52461,5.301,4
2800,96,162,10010.3,9.8,45.5138,-73.5246,5.399,4
2801,96,162,10015.6,9.8,45.513752,-73.52459,5.3,4
2802,96,163,10020.7,9.6,45.513702,-73.524574,5.101,4
2803,97,163,10025.8,9.6,45.513653,-73.52456,5.1,4
2804,98,164,10031.2,9.6,45.513603,-73.524536,5.4,4
2805,98,165,10036.9,9.4,45.513554,-73.52453,5.7,4
2806,97,167,10042.7,9.4,45.513504,-73.52451,5.8,4
2807,97,168,10048.3,9.4,45.513454,-73.5245,5.6,4
2808,97,168,10054.1,9.2,45.5134,-73.52448,5.8,4
2809,97,169,10060,9.2,45.513348,-73.52447,5.9,4
2810,97,172,10066.2,9.2,45.513294,-73.52445,6.2,4
2811,97,174,10072.2,9.2,45.51325,-73.52444,6,4
2812,97,175,10078.2,9.2,45.5132,-73.52442,6,4
2813,97,175,10084.1,9.2,45.51315,-73.52441,5.899,4
2814,95,177,10089.7,9,45.513103,-73.5244,5.601,4
2815,96,179,10095.3,9,45.513054,-73.52438,5.6,4
2816,96,180,10100.9,9,45.513004,-73.52436,5.601,4
2817,96,181,10106.5,8.8,45.51296,-73.524345,5.6,4
2818,96,181,10112.1,8.8,45.512905,-73.52432,5.6,4
2819,96,182,10117.5,8.8,45.512856,-73.52431,5.4,4
2820,96,185,10123.1,8.6,45.51281,-73.52429,5.6,4
2821,96,186,10128.5,8.6,45.51276,-73.52428,5.4,4
2822,96,187,10134.1,8.6,45.51271,-73.524254,5.6,4
2823,96,187,10139.8,8.6,45.51266,-73.52424,5.7,4
2824,96,187,10145.6,8.6,45.512615,-73.52422,5.8,4
2825,96,188,10151.3,8.6,45.51256,-73.5242,5.7,4
2826,96,188,10156.9,8.6,45.512512,-73.524185,5.601,4
2827,96,188,10162.7,8.6,45.512463,-73.52416,5.8,4
2828,96,188,10168.5,8.6,45.512413,-73.52415,5.8,4
2829,96,188,10174.2,8.6,45.512363,-73.52413,5.7,4
2830,96,189,10180.1,8.8,45.512314,-73.52412,5.899,4
2831,96,189,10185.9,9,45.512264,-73.52411,5.801,4
2832,96,189,10191.6,9,45.512215,-73.524086,5.699,4
2833,96,189,10197.2,9.2,45.512165,-73.52406,5.601,4
2834,96,190,10203.2,9.2,45.51211,-73.524055,6,4
2835,96,190,10208.9,9.4,45.512062,-73.52404,5.7,4
2836,96,190,10214.7,9.6,45.512016,-73.524025,5.8,4
2837,96,190,10220.2,9.6,45.511967,-73.52402,5.5,4
2838,96,190,10225.7,9.8,45.51192,-73.524,5.5,4
2839,96,189,10231.1,10,45.51187,-73.523994,5.399,4
2840,96,187,10236.7,10,45.51182,-73.52397,5.601,4
2841,96,187,10242.2,10,45.511776,-73.52396,5.5,4
2842,96,188,10247.9,10,45.511726,-73.52393,5.7,4
2843,96,188,10253,10.2,45.511677,-73.52391,5.1,4
2844,96,188,10258.6,10.2,45.511623,-73.523895,5.6,4
2845,96,188,10264.4,10.2,45.511574,-73.52388,5.801,4
2846,96,188,10270.1,10.2,45.511528,-73.523865,5.699,4
2847,96,188,10275.8,10.2,45.511482,-73.52386,5.7,4
2848,96,188,10281.5,10.4,45.511433,-73.52384,5.7,4
2849,96,188,10287,10.4,45.511387,-73.52383,5.5,4
2850,96,188,10292.5,10.4,45.511337,-73.52381,5.5,4
2851,96,189,10297.8,10.4,45.51129,-73.5238,5.3,4
2852,96,189,10303.4,10.4,45.511242,-73.52379,5.601,4
2853,96,189,10308.7,10.4,45.511196,-73.52378,5.3,4
2854,96,189,10313.9,10.6,45.511147,-73.523766,5.2,4
2855,96,189,10319.2,10.6,45.511093,-73.52375,5.3,4
2856,96,189,10324.5,10.6,45.511047,-73.52374,5.3,4
2857,96,189,10330.3,10.6,45.510998,-73.52373,5.8,4
2858,96,189,10335.9,10.6,45.51095,-73.52371,5.601,4
2859,96,189,10341.5,10.6,45.510902,-73.523705,5.6,4
2860,96,189,10347.2,10.6,45.510853,-73.52368,5.7,4
2861,96,189,10352.7,10.6,45.510807,-73.523674,5.5,4
2862,96,190,10358.4,10.6,45.510757,-73.52366,5.7,4
2863,96,190,10363.8,10.6,45.510708,-73.52365,5.399,4
2864,96,190,10369.3,10.6,45.510662,-73.523636,5.5,4
2865,96,190,10374.9,10.6,45.510612,-73.52361,5.601,4
2866,96,190,10380,10.8,45.510563,-73.523605,5.1,4
2867,96,190,10385.7,10.8,45.51051,-73.52359,5.7,4
2868,96,190,10391.4,10.8,45.51046,-73.523575,5.7,4
2869,96,190,10397.2,10.8,45.51041,-73.52356,5.8,4
2870,96,191,10403,10.8,45.51036,-73.52355,5.8,4
2871,96,191,10408.7,11,45.51031,-73.52354,5.7,4
2872,96,191,10414.6,11,45.51026,-73.52352,5.899,4
2873,96,191,10420.4,11,45.510212,-73.5235,5.801,4
2874,96,191,10426,11,45.510162,-73.52348,5.6,4
2875,99,191,10432.1,11,45.510113,-73.52347,6.1,4
2876,98,191,10437.7,11,45.51006,-73.52345,5.601,4
2877,97,191,10443.4,11,45.51001,-73.52344,5.7,4
2878,97,191,10449.3,11,45.50996,-73.52342,5.899,4
2879,97,191,10454.8,11,45.50991,-73.5234,5.5,4
2880,97,190,10460.9,11,45.50986,-73.52338,6.101,4
2881,97,190,10466.7,11,45.509808,-73.52336,5.8,4
2882,97,191,10472.7,11,45.509758,-73.52335,6,4
2883,97,191,10478.7,11,45.50971,-73.52334,6,4
2884,97,191,10484.3,11.2,45.509663,-73.52332,5.6,4
2885,97,191,10490.1,11.2,45.509613,-73.5233,5.8,4
2886,97,191,10495.6,11.2,45.509563,-73.52329,5.5,4
2887,97,192,10501.2,11.2,45.509518,-73.52328,5.601,4
2888,97,192,10506.8,11.2,45.509468,-73.52326,5.6,4
2889,97,192,10512.1,11.2,45.509422,-73.523254,5.3,4
2890,97,192,10517.5,11.2,45.509373,-73.52323,5.4,4
2891,97,192,10522.7,11.2,45.509323,-73.523224,5.2,4
2892,97,192,10528.1,11.2,45.509274,-73.52321,5.399,4
2893,97,192,10533.5,11.4,45.509224,-73.52319,5.4,4
2894,97,192,10539,11.4,45.50918,-73.523186,5.5,4
2895,97,192,10544.8,11.4,45.50913,-73.52316,5.8,4
2896,97,192,10550.2,11.4,45.509075,-73.523155,5.4,4
2897,97,192,10556,11.4,45.50903,-73.52314,5.8,4
2898,97,192,10561.8,11.4,45.50898,-73.523125,5.8,4
2899,97,192,10567.4,11.6,45.50893,-73.52311,5.601,4
2900,97,192,10573.2,11.6,45.50888,-73.52309,5.8,4
2901,97,192,10578.8,11.6,45.508835,-73.52307,5.6,4
2902,97,192,10584.4,11.6,45.508785,-73.52306,5.601,4
2903,97,192,10590.1,11.6,45.508736,-73.523056,5.699,4
2904,97,192,10595.5,11.6,45.508686,-73.52303,5.4,4
2905,97,192,10601.1,11.6,45.508636,-73.52302,5.6,4
2906,97,192,10606.8,11.6,45.50859,-73.52301,5.7,4
2907,97,192,10612.1,11.6,45.508545,-73.522995,5.3,4
2908,97,192,10617.6,11.6,45.50849,-73.52297,5.5,4
2909,97,192,10623.1,11.6,45.50844,-73.52296,5.5,4
2910,97,192,10628.9,11.6,45.508392,-73.52295,5.801,4
2911,97,192,10634.7,11.4,45.508347,-73.52294,5.8,4
2912,97,192,10640.1,11.4,45.508297,-73.52292,5.399,4
2913,97,192,10645.7,11.4,45.508247,-73.522896,5.601,4
2914,97,192,10651.4,11.4,45.508198,-73.52287,5.7,4
2915,97,192,10657,11.2,45.50815,-73.52285,5.6,4
2916,97,192,10662.9,11.2,45.508095,-73.522835,5.9,4
2917,97,192,10668.8,11.2,45.508045,-73.52283,5.899,4
2918,97,192,10675,11.2,45.507996,-73.52281,6.2,4
2919,97,192,10680.6,11.2,45.507946,-73.5228,5.6,4
2920,97,192,10686.1,11.2,45.507896,-73.52279,5.5,4
2921,97,192,10692,11,45.507847,-73.52277,5.9,4
2922,97,192,10697.8,11,45.507797,-73.52275,5.8,4
2923,97,192,10703.6,11,45.507748,-73.52273,5.8,4
2924,97,192,10709.1,11,45.507698,-73.52271,5.5,4
2925,97,192,10714.9,11,45.50765,-73.52269,5.801,4
2926,97,192,10720.6,11,45.5076,-73.522675,5.699,4
2927,97,192,10726,11,45.507553,-73.52266,5.4,4
2928,97,192,10731.7,11,45.507504,-73.522644,5.7,4
2929,97,192,10737.4,10.8,45.507454,-73.52263,5.7,4
2930,97,192,10743,10.8,45.50741,-73.52261,5.6,4
2931,97,192,10748.7,10.8,45.50736,-73.522606,5.7,4
2932,97,192,10754.2,10.6,45.507305,-73.52259,5.5,4
2933,97,192,10759.8,10.6,45.50726,-73.522575,5.6,4
2934,97,192,10765.2,10.6,45.50721,-73.52257,5.4,4
2935,97,192,10770.6,10.6,45.50716,-73.522545,5.399,4
2936,97,192,10776.3,10.6,45.50711,-73.52253,5.7,4
2937,97,192,10781.8,10.4,45.50706,-73.522514,5.5,4
2938,97,192,10787.6,10.4,45.50701,-73.5225,5.8,4
2939,97,192,10793.2,10.2,45.506966,-73.522484,5.601,4
2940,97,192,10799,10.2,45.50692,-73.52247,5.8,4
2941,97,192,10804.5,10,45.506874,-73.52246,5.5,4
2942,97,192,10809.8,10,45.506832,-73.522446,5.3,4
2943,97,192,10814.8,10,45.50679,-73.52244,5,4
2944,97,192,10819.7,10,45.50674,-73.52244,4.9,4
2945,97,192,10824.5,10,45.506695,-73.52243,4.8,4
2946,97,192,10829.7,10,45.506645,-73.52242,5.2,4
2947,97,192,10834.7,10,45.5066,-73.522415,5,4
2948,97,192,10839.8,10,45.50655,-73.5224,5.1,4
2949,97,192,10844.9,10,45.506504,-73.522385,5.101,4
2950,97,192,10850.1,10,45.506454,-73.52237,5.199,4
2951,97,192,10855.5,10,45.5064,-73.522354,5.4,4
2952,97,192,10861.3,10,45.506355,-73.52234,5.8,4
2953,97,192,10867.4,10,45.506306,-73.52233,6.101,4
2954,97,192,10873.1,10,45.506252,-73.52232,5.699,4
2955,97,192,10878.7,10,45.5062,-73.52231,5.601,4
2956,97,192,10884.7,10,45.50614,-73.522285,6,4
2957,97,192,10890.9,10,45.506096,-73.52227,6.2,4
2958,97,192,10897.3,10,45.506046,-73.522255,6.399,4
2959,97,192,10903.3,10,45.505997,-73.52225,6,4
2960,97,193,10909.1,10,45.505947,-73.52223,5.8,4
2961,97,193,10914.8,10,45.5059,-73.52222,5.7,4
2962,97,193,10920.4,10,45.50585,-73.5222,5.601,4
2963,97,193,10926.3,10,45.505806,-73.52219,5.899,4
2964,97,193,10932,10.2,45.50576,-73.52217,5.7,4
2965,97,193,10937.2,10.2,45.505714,-73.522156,5.2,4
2966,97,193,10942.2,10.2,45.50567,-73.52215,5,4
2967,97,193,10947.1,10.2,45.50562,-73.52213,4.899,4
2968,97,193,10952.1,10.2,45.505573,-73.522125,5,4
2969,97,192,10957.5,10.2,45.505524,-73.5221,5.4,4
2970,97,192,10962.8,10.2,45.50548,-73.522095,5.3,4
2971,97,192,10968,10.2,45.505436,-73.52207,5.2,4
2972,97,192,10973.1,10.2,45.50539,-73.522064,5.1,4
2973,97,192,10978.3,10.2,45.505344,-73.52205,5.2,4
2974,97,192,10983.5,10.2,45.5053,-73.52203,5.2,4
2975,97,192,10988.6,10.2,45.505257,-73.522026,5.1,4
2976,97,192,10993.7,10.2,45.505207,-73.52201,5.101,4
2977,97,192,10999,10.2,45.505157,-73.521996,5.3,4
2978,97,192,11004.2,10.2,45.50511,-73.52198,5.2,4
2979,97,192,11009.7,10.2,45.50506,-73.521965,5.5,4
2980,97,192,11015,10.2,45.50501,-73.52196,5.3,4
2981,97,192,11020.7,10.2,45.50495,-73.52194,5.7,4
2982,97,192,11026.5,10.2,45.504894,-73.521935,5.8,4
2983,97,192,11033.1,10.2,45.504837,-73.52191,6.6,4
2984,97,192,11039.5,10.2,45.504784,-73.521904,6.4,4
2985,97,192,11046.3,10.2,45.504734,-73.52189,6.8,4
2986,97,192,11052.8,10.2,45.504684,-73.521866,6.5,4
2987,97,192,11059.1,10.2,45.504635,-73.52184,6.3,4
2988,97,192,11065.3,10.2,45.504585,-73.52183,6.2,4
2989,97,192,11071.5,10.2,45.504536,-73.521805,6.2,4
2990,97,192,11077.3,10.2,45.504486,-73.52179,5.8,4
2991,97,192,11083.3,10.2,45.504433,-73.52177,6,4
2992,97,192,11088.7,10.2,45.504383,-73.52174,5.4,4
2993,97,192,11094.5,10.2,45.504333,-73.52173,5.8,4
2994,97,192,11100.1,10.2,45.50428,-73.52171,5.6,4
2995,97,192,11105.9,10.2,45.50423,-73.5217,5.801,4
2996,97,192,11111.9,10.2,45.50418,-73.52168,6,4
2997,97,193,11117.6,10.2,45.504135,-73.52167,5.699,4
2998,97,193,11123.3,10.2,45.504086,-73.52166,5.7,4
2999,97,193,11128.8,10.2,45.50404,-73.521645,5.5,4
3000,97,193,11134.4,10.2,45.503994,-73.52164,5.601,4
3001,97,193,11139.5,10.2,45.50395,-73.52163,5.1,4
3002,97,193,11144.6,10.2,45.5039,-73.521614,5.1,4
3003,97,193,11149.6,10.2,45.503853,-73.52159,5,4
3004,97,192,11154.8,10.2,45.503803,-73.52157,5.2,4
3005,97,192,11159.9,10.2,45.503754,-73.52155,5.101,4
3006,97,192,11165.7,10.2,45.503696,-73.52154,5.8,4
3007,97,192,11171.2,10.4,45.503643,-73.521515,5.5,4
3008,97,192,11177.4,10.4,45.503593,-73.52149,6.2,4
3009,97,192,11183.6,10.4,45.503544,-73.52148,6.199,4
3010,97,192,11189.8,10.4,45.503494,-73.52146,6.2,4
3011,97,192,11195.9,10.6,45.50344,-73.521454,6.101,4
3012,97,192,11202,10.6,45.50339,-73.52145,6.1,4
3013,97,192,11208.2,10.6,45.50334,-73.52143,6.2,4
3014,97,192,11214.1,10.6,45.503292,-73.521416,5.899,4
3015,97,192,11219.6,10.6,45.503242,-73.52141,5.5,4
3016,97,192,11225.4,10.8,45.503193,-73.521385,5.801,4
3017,97,192,11230.8,10.8,45.503143,-73.521385,5.399,4
3018,97,192,11236.3,10.8,45.50309,-73.52136,5.5,4
3019,97,192,11241.9,11,45.503036,-73.52134,5.601,4
3020,97,192,11248,11,45.502983,-73.52132,6.1,4
3021,95,192,11254,11.2,45.502934,-73.52131,6,4
3022,95,192,11259.9,11.2,45.50289,-73.52129,5.9,4
3023,95,192,11265.6,11.2,45.502853,-73.52128,5.699,4
3024,92,192,11271.1,11.2,45.502827,-73.52127,5.5,4
3025,95,191,11275.6,11.2,45.502804,-73.52126,4.5,4
3026,95,191,11279.2,11.2,45.50279,-73.52126,3.601,4
3027,99,191,11281.6,11.2,45.502773,-73.52126,2.399,4
3028,99,191,11283.4,11.2,45.50276,-73.521255,1.801,4
3029,97,191,11284.2,11.2,45.502754,-73.521255,0.8,4
3030,80,192,11284.5,11.2,45.502743,-73.52126,0.3,4
3031,71,193,11284.5,11.2,45.502735,-73.521255,0,4
3032,65,193,11284.5,11.2,45.502724,-73.521255,0,4
3033,61,193,11284.5,11.2,45.502712,-73.52125,0,4
3034,59,189,11284.5,11.2,45.5027,-73.52125,0,4
3035,58,183,11284.5,11.4,45.502693,-73.52124,0,4
3036,57,179,11284.5,11.4,45.50268,-73.52124,0,4
3037,57,177,11284.7,11.4,45.502666,-73.52123,0.2,4
3038,57,177,11285.7,11.4,45.502655,-73.521225,1,4
3039,57,175,11287.1,11.2,45.502644,-73.521225,1.399,4
3040,57,176,11288.5,11.2,45.502632,-73.52122,1.4,4
3041,58,176,11289.9,11.2,45.50262,-73.521225,1.4,4
3042,58,174,11291.5,11.2,45.50261,-73.521225,1.6,4
3043,58,174,11292.8,11.2,45.5026,-73.521225,1.3,4
3044,57,175,11294,11.2,45.50259,-73.52122,1.2,4
3045,57,176,11295.3,11.2,45.50258,-73.521225,1.3,4
3046,57,173,11296.6,11.2,45.50257,-73.521225,1.3,4
3047,57,171,11297.7,11.2,45.502563,-73.52122,1.101,4
3048,57,171,11298.7,11.2,45.50256,-73.52122,1,4
3049,56,169,11299.4,11.2,45.50255,-73.52122,0.7,4
3050,56,169,11300,11.2,45.50254,-73.52121,0.6,4
3051,57,167,11300.7,11.2,45.502533,-73.5212,0.7,4
3052,55,165,11301.6,11.2,45.50253,-73.52121,0.899,4
3053,55,165,11302.5,11,45.502533,-73.52122,0.9,4
3054,55,163,11302.7,11,45.50254,-73.521225,0.2,4
3055,55,161,11302.7,11,45.502552,-73.521225,0,4
3056,54,159,11302.7,10.8,45.50256,-73.52123,0,4
3057,54,156,11303.4,10.8,45.502567,-73.52123,0.7,4
3058,50,156,11303.7,10.8,45.50257,-73.52123,0.3,4
3059,50,154,11303.9,10.8,45.502575,-73.521225,0.2,4
3060,50,149,11303.9,10.8,45.502575,-73.521225,0,4
3061,48,147,11303.9,10.6,45.50257,-73.52122,0,4
3062,48,145,11304.9,10.6,45.502563,-73.52121,1,4
3063,47,145,11305.7,10.6,45.502556,-73.52122,0.8,4
3064,47,144,11305.9,10.6,45.502552,-73.52123,0.2,4
3065,47,145,11305.9,10.6,45.502552,-73.52125,0,4
3066,47,143,11305.9,10.6,45.502552,-73.52125,0,4
3067,47,142,11305.9,10.6,45.502556,-73.521255,0,4
3068,47,142,11306.2,10.6,45.50256,-73.521255,0.3,4
3069,47,142,11306.2,10.6,45.50256,-73.521255,0,4
3070,47,140,11306.2,10.6,45.50256,-73.521255,0,4
3071,47,139,11306.2,10.6,45.50256,-73.521255,0,4
3072,47,140,11306.2,10.6,45.50256,-73.521255,0,4
3073,47,140,11306.2,10.6,45.50256,-73.521255,0,4
3074,0,141,11306.2,10.6,45.50256,-73.521255,0,4
3075,0,142,11306.2,10.6,45.50256,-73.521255,0,4
3076,0,142,11306.2,10.4,45.50256,-73.521255,0,4
3077,0,141,11306.2,10.4,45.50256,-73.521255,0,4
3078,0,141,11306.2,10.4,45.50256,-73.521255,0,4
3079,0,140,11306.2,10.2,45.50256,-73.521255,0,4
3080,0,138,11306.2,10.2,45.50256,-73.521255,0,4
3081,0,137,11306.2,10,45.50256,-73.521255,0,4
3082,0,137,11306.2,10,45.50256,-73.521255,0,4
3083,0,137,11306.2,10,45.50256,-73.521255,0,4
3084,0,136,11306.2,10,45.50256,-73.521255,0,4
3085,0,135,11306.2,10,45.50256,-73.521255,0,4
3086,0,135,11306.2,10,45.50256,-73.521255,0,4
3087,0,134,11306.2,9.8,45.50256,-73.521255,0,4
3088,0,134,11306.2,9.8,45.50256,-73.521255,0,4
3089,22,134,11306.2,9.6,45.50256,-73.521255,0,4
3090,22,134,11306.2,9.6,45.502556,-73.52125,0,4
3091,33,134,11306.2,9.6,45.502544,-73.52125,0,4
3092,44,134,11306.2,9.6,45.502537,-73.521255,0,4
3093,45,134,11306.2,9.4,45.502537,-73.52126,0,4
3094,50,134,11306.2,9.4,45.502544,-73.52126,0,4
3095,52,133,11306.2,9.4,45.502552,-73.52126,0,4
3096,52,133,11306.2,9.4,45.50256,-73.52127,0,4
3097,51,132,11306.5,9.2,45.502563,-73.52128,0.3,4
3098,50,132,11307.7,9.2,45.502567,-73.521286,1.2,4
3099,52,132,11308.2,9.2,45.50257,-73.521286,0.5,4
3100,52,130,11308.4,9.2,45.502583,-73.521286,0.2,4
3101,52,129,11308.6,9.2,45.50259,-73.521286,0.199,4
3102,52,129,11310,9.2,45.502594,-73.521286,1.4,4
3103,52,129,11311.2,9,45.5026,-73.52128,1.2,4
3104,52,128,11312.2,9,45.502605,-73.52127,1,4
3105,52,126,11312.9,9,45.502594,-73.52126,0.7,4
3106,48,126,11313.5,8.8,45.50259,-73.521255,0.6,4
3107,48,125,11313.5,8.8,45.502575,-73.52125,0,4
3108,46,125,11313.9,8.8,45.502563,-73.52126,0.4,4
3109,44,125,11314.9,8.8,45.502552,-73.52127,1,4
3110,44,125,11316,8.8,45.502552,-73.52128,1.1,4
3111,42,125,11316,8.8,45.502552,-73.521286,0,4
3112,42,125,11316.3,8.8,45.502556,-73.52129,0.3,4
3113,41,125,11317.4,8.8,45.50256,-73.52129,1.101,4
3114,41,124,11317.7,8.8,45.50256,-73.52129,0.3,4
3115,41,124,11318.7,8.8,45.50256,-73.52129,1,4
3116,41,123,11318.7,8.8,45.50256,-73.52129,0,4
3117,44,123,11318.7,8.6,45.50256,-73.52129,0,4
3118,44,123,11318.7,8.6,45.50256,-73.52129,0,4
3119,46,123,11318.7,8.6,45.50256,-73.52129,0,4
3120,46,123,11318.7,8.6,45.50256,-73.52129,0,4
3121,46,123,11318.7,8.6,45.502563,-73.52129,0,4
3122,46,123,11318.7,8.6,45.502583,-73.5213,0,4
3123,46,123,11318.7,8.6,45.502605,-73.52131,0,4
3124,46,122,11318.9,8.6,45.502632,-73.52132,0.2,4
3125,46,122,11319.5,8.6,45.502663,-73.521324,0.6,4
3126,48,122,11322.5,8.4,45.50269,-73.52133,3,4
3127,48,122,11325.9,8.4,45.50272,-73.52134,3.4,4
3128,50,122,11329.8,8.2,45.502754,-73.52135,3.899,4
3129,67,122,11334.3,8,45.50279,-73.521355,4.5,4
3130,81,122,11339,8,45.502823,-73.52137,4.7,4
3131,81,122,11344.3,8,45.502853,-73.52138,5.3,4
3132,81,122,11349.6,8,45.502888,-73.52139,5.3,4
3133,87,122,11353.8,7.8,45.502922,-73.5214,4.2,4
3134,90,121,11358,7.8,45.502964,-73.521416,4.2,4
3135,93,124,11362.5,7.6,45.50301,-73.52142,4.5,4
3136,96,124,11367.5,7.6,45.50305,-73.52144,5,4
3137,96,125,11372.8,7.4,45.503105,-73.521454,5.3,4
3138,96,125,11378.2,7.4,45.50316,-73.52146,5.4,4
3139,96,126,11383.9,7.4,45.50321,-73.52148,5.7,4
3140,96,128,11389.9,7.4,45.503258,-73.5215,6,4
3141,96,131,11396.2,7.4,45.50331,-73.521515,6.3,4
3142,96,133,11402.6,7.2,45.50336,-73.52152,6.399,4
3143,95,133,11409.5,7.2,45.50341,-73.52154,6.9,4
3144,94,137,11416,7,45.50346,-73.52155,6.5,4
3145,94,137,11422.5,7,45.50351,-73.52157,6.5,4
3146,95,139,11428.5,7,45.503563,-73.52158,6,4
3147,96,142,11434.6,6.8,45.503613,-73.52161,6.1,4
3148,96,142,11440.4,6.8,45.503666,-73.521614,5.801,4
3149,96,144,11446.3,6.8,45.50372,-73.52162,5.899,4
3150,96,147,11452.3,6.8,45.503773,-73.52164,6,4
3151,96,150,11458.4,6.8,45.503822,-73.52166,6.101,4
3152,96,152,11464.3,6.8,45.503876,-73.52168,5.899,4
3153,96,152,11470.5,6.8,45.503918,-73.52171,6.2,4
3154,96,153,11476.5,6.6,45.503967,-73.52173,6,4
3155,96,153,11482.2,6.6,45.504017,-73.52175,5.7,4
3156,96,154,11488,6.4,45.504066,-73.52177,5.8,4
3157,96,154,11493.8,6.4,45.50412,-73.52178,5.8,4
3158,98,154,11499.3,6.4,45.504173,-73.521805,5.5,4
3159,97,157,11505.2,6.4,45.504227,-73.52182,5.9,4
3160,99,160,11511.3,6.2,45.50428,-73.52184,6.1,4
3161,97,163,11517.4,6.2,45.50433,-73.52186,6.101,4
3162,97,165,11523.2,6.2,45.50438,-73.52188,5.8,4
3163,97,166,11529,6.2,45.50443,-73.52189,5.8,4
3164,95,166,11535.4,6.2,45.504475,-73.52191,6.4,4
3165,95,165,11541.2,6.2,45.504517,-73.52193,5.8,4
3166,96,165,11546.5,6.2,45.504566,-73.521935,5.3,4
3167,96,165,11551.8,6.2,45.504612,-73.52195,5.3,4
3168,96,167,11557,6,45.50466,-73.52197,5.2,4
3169,96,169,11562.2,6,45.50471,-73.521996,5.2,4
3170,96,170,11567.4,6,45.504757,-73.52202,5.2,4
3171,96,170,11572.8,6,45.504807,-73.52203,5.399,4
3172,96,170,11578.3,6,45.504856,-73.52205,5.5,4
3173,96,170,11583.6,6,45.504906,-73.522064,5.3,4
3174,96,170,11589.3,6,45.504955,-73.52208,5.7,4
3175,96,170,11595.1,5.8,45.505005,-73.522095,5.8,4
3176,96,170,11601.1,5.8,45.505054,-73.52212,6,4
3177,96,170,11606.9,5.8,45.505104,-73.52213,5.801,4
3178,96,170,11612.6,5.6,45.505154,-73.52215,5.699,4
3179,96,170,11618.4,5.6,45.505203,-73.52216,5.801,4
3180,96,171,11624.1,5.4,45.50525,-73.52218,5.699,4
3181,97,172,11629.7,5.4,45.505295,-73.5222,5.601,4
3182,97,172,11635.2,5.4,45.50535,-73.52222,5.5,4
3183,97,173,11640.8,5.4,45.505398,-73.52224,5.6,4
3184,97,173,11646.5,5.4,45.505455,-73.522255,5.7,4
3185,97,174,11652.3,5.2,45.505505,-73.52227,5.8,4
3186,97,175,11658.6,5.2,45.505547,-73.522285,6.3,4
3187,97,177,11664.5,5.2,45.50559,-73.52231,5.9,4
3188,97,178,11669.6,5,45.50565,-73.52233,5.1,4
3189,97,179,11675.2,5,45.5057,-73.522354,5.601,4
3190,97,180,11681.4,4.8,45.505745,-73.52237,6.2,4
3191,97,181,11687.4,4.8,45.505783,-73.522385,6,4
3192,95,182,11693,4.8,45.50584,-73.5224,5.6,4
3193,95,183,11697.9,4.8,45.505886,-73.52241,4.9,4
3194,96,184,11703.8,4.8,45.505936,-73.522415,5.899,4
3195,96,185,11708.5,4.8,45.50597,-73.52242,4.7,4
3196,96,184,11713.9,4.8,45.506027,-73.52244,5.4,4
3197,96,184,11719,4.8,45.506077,-73.522446,5.1,4
3198,96,184,11725,4.8,45.506123,-73.52246,6,4
3199,96,183,11729.8,4.6,45.50616,-73.52248,4.8,4
3200,96,183,11734.9,4.6,45.506207,-73.52249,5.101,4
3201,96,183,11739.6,4.6,45.506264,-73.52251,4.699,4
3202,96,184,11745.5,4.6,45.506313,-73.522514,5.9,4
3203,96,184,11750.9,4.6,45.506363,-73.52253,5.4,4
3204,96,184,11756.3,4.6,45.5064,-73.52253,5.399,4
3205,96,184,11761.9,4.8,45.50646,-73.522545,5.601,4
3206,96,185,11767.5,4.8,45.50651,-73.52255,5.6,4
3207,96,185,11773.1,4.8,45.506565,-73.52256,5.6,4
3208,96,185,11778.9,4.8,45.506603,-73.52257,5.801,4
3209,98,186,11784.8,4.8,45.50666,-73.52258,5.899,4
3210,98,186,11790.4,4.8,45.50671,-73.5226,5.601,4
3211,97,186,11796.7,4.8,45.506763,-73.52261,6.3,4
3212,97,187,11801.9,4.8,45.506805,-73.52264,5.2,4
3213,97,187,11808.1,5,45.506855,-73.52265,6.199,4
3214,97,188,11813.2,5,45.506912,-73.52267,5.101,4
3215,97,188,11819.7,5.2,45.50697,-73.52267,6.5,4
3216,97,189,11825.3,5.2,45.507015,-73.522675,5.6,4
3217,97,189,11831.2,5.4,45.50705,-73.522675,5.9,4
3218,97,189,11836.8,5.4,45.507103,-73.52269,5.6,4
3219,97,189,11842.1,5.4,45.50715,-73.522705,5.3,4
3220,97,190,11847.2,5.4,45.5072,-73.52272,5.101,4
3221,97,191,11852.4,5.4,45.507236,-73.52273,5.2,4
3222,97,191,11857.6,5.6,45.507286,-73.52274,5.199,4
3223,97,192,11862.7,5.6,45.507347,-73.52276,5.101,4
3224,97,192,11868,5.6,45.5074,-73.522766,5.3,4
3225,97,193,11873.8,5.8,45.50745,-73.52278,5.8,4
3226,97,193,11879.3,5.8,45.507496,-73.5228,5.5,4
3227,97,193,11884.9,5.8,45.507545,-73.522804,5.601,4
3228,97,192,11891.4,5.8,45.507595,-73.52282,6.5,4
3229,97,192,11896.8,5.8,45.50764,-73.522835,5.399,4
3230,97,192,11902.6,5.8,45.50769,-73.52285,5.8,4
3231,97,192,11908.3,5.8,45.50774,-73.522865,5.7,4
3232,97,192,11914.7,6,45.50779,-73.52288,6.4,4
3233,97,192,11920.4,5.8,45.50783,-73.52289,5.7,4
3234,97,191,11925.1,5.8,45.507877,-73.52291,4.699,4
3235,97,191,11929.9,5.8,45.507927,-73.52293,4.801,4
3236,97,191,11935.5,5.8,45.507988,-73.52294,5.6,4
3237,97,191,11941,5.6,45.508034,-73.52296,5.5,4
3238,97,191,11947.3,5.6,45.508087,-73.52297,6.3,4
3239,97,191,11952.9,5.6,45.508125,-73.52298,5.601,4
3240,97,191,11958.7,5.4,45.508183,-73.522995,5.8,4
3241,97,191,11963.7,5.4,45.508232,-73.52301,5,4
3242,97,191,11969.9,5.4,45.50828,-73.52303,6.2,4
3243,97,191,11975.7,5.4,45.508335,-73.52305,5.8,4
3244,97,191,11982.1,5.2,45.508373,-73.523056,6.399,4
3245,97,191,11987.8,5.2,45.50843,-73.52308,5.7,4
3246,97,191,11992.9,5.2,45.50848,-73.523094,5.101,4
3247,97,191,11998.6,5.2,45.508514,-73.52311,5.699,4
3248,97,191,12004.2,5.2,45.508564,-73.52312,5.601,4
3249,97,191,12008.8,5.2,45.508614,-73.52313,4.6,4
3250,97,191,12014.8,5.2,45.50868,-73.52315,6,4
3251,97,191,12019.9,5.2,45.50873,-73.523155,5.101,4
3252,97,191,12026.3,5.2,45.50877,-73.52317,6.399,4
3253,97,191,12032,5.4,45.508827,-73.523186,5.7,4
3254,95,192,12037,5.4,45.508877,-73.52319,5,4
3255,94,192,12043.9,5.4,45.50892,-73.52321,6.9,4
3256,94,192,12048.8,5.4,45.508953,-73.523224,4.899,4
3257,96,192,12054.3,5.4,45.509007,-73.52325,5.5,4
3258,96,192,12059.7,5.4,45.509052,-73.52326,5.4,4
3259,96,192,12065.4,5.4,45.5091,-73.52327,5.7,4
3260,96,192,12070.6,5.4,45.509155,-73.52329,5.199,4
3261,96,192,12075.3,5.4,45.50921,-73.52331,4.7,4
3262,96,192,12080.8,5.4,45.509274,-73.52332,5.5,4
3263,96,192,12087.3,5.4,45.509323,-73.52333,6.5,4
3264,96,192,12093.4,5.4,45.509377,-73.52334,6.101,4
3265,96,192,12099.5,5.4,45.509415,-73.52335,6.1,4
3266,96,191,12105.9,5.4,45.509464,-73.52338,6.4,4
3267,96,191,12112,5.4,45.50951,-73.5234,6.1,4
3268,96,191,12117.8,5.4,45.509575,-73.523415,5.8,4
3269,96,191,12123.6,5.4,45.509624,-73.52343,5.8,4
3270,96,191,12130.2,5.4,45.509666,-73.52344,6.601,4
3271,96,191,12135.9,5.4,45.509727,-73.52345,5.7,4
3272,96,191,12141,5.4,45.50978,-73.52347,5.1,4
3273,96,192,12146.7,5.4,45.50983,-73.52348,5.7,4
3274,98,192,12152.7,5.4,45.509872,-73.52349,6,4
3275,97,192,12158.6,5.6,45.509922,-73.52351,5.899,4
3276,97,192,12164.6,5.6,45.50997,-73.52353,6,4
3277,97,192,12170.5,5.6,45.510025,-73.523544,5.9,4
3278,97,192,12176.2,5.6,45.51007,-73.52356,5.7,4
3279,97,192,12181.3,5.8,45.51012,-73.52358,5.1,4
3280,97,192,12186.9,5.8,45.51018,-73.523605,5.601,4
3281,97,192,12193.1,5.8,45.51023,-73.52362,6.199,4
3282,97,192,12198.7,5.8,45.51028,-73.523636,5.601,4
3283,97,192,12204.6,6,45.510323,-73.52364,5.899,4
3284,97,192,12210.3,6,45.510372,-73.52366,5.7,4
3285,97,192,12216,6,45.510433,-73.52368,5.7,4
3286,97,192,12221.8,6,45.510483,-73.5237,5.8,4
3287,97,192,12228.2,6,45.51052,-73.523705,6.4,4
3288,97,192,12234,6,45.51057,-73.52373,5.8,4
3289,97,192,12239.2,6,45.51062,-73.52374,5.2,4
3290,97,192,12244.8,6,45.51067,-73.52376,5.6,4
3291,97,192,12249.8,6,45.510723,-73.523766,5,4
3292,97,192,12255.3,6,45.510777,-73.52378,5.5,4
3293,97,192,12261,6,45.510822,-73.523796,5.7,4
3294,97,192,12267.5,6,45.510883,-73.52381,6.5,4
3295,97,192,12273.1,6,45.51092,-73.52383,5.6,4
3296,97,192,12278.7,6,45.51097,-73.52384,5.601,4
3297,97,192,12283.9,6,45.51102,-73.52386,5.2,4
3298,97,192,12290,6,45.511066,-73.52387,6.1,4
3299,97,192,12295.6,6,45.511127,-73.52389,5.6,4
3300,97,192,12301.4,6,45.511173,-73.5239,5.801,4
3301,97,192,12307.5,6,45.51121,-73.52392,6.1,4
3302,97,192,12313.1,6,45.51127,-73.52394,5.6,4
3303,97,192,12317.8,6,45.51132,-73.52396,4.7,4
3304,97,192,12323.9,6,45.511368,-73.52397,6.101,4
3305,98,192,12329,6,45.511406,-73.52399,5.1,4
3306,99,192,12335.3,6,45.51146,-73.524,6.3,4
3307,98,192,12340.3,6,45.511505,-73.52401,5,4
3308,97,192,12345.8,6,45.51157,-73.524025,5.5,4
3309,97,192,12351.5,5.8,45.511612,-73.524025,5.7,4
3310,97,192,12357.4,5.8,45.51165,-73.52405,5.9,4
3311,97,192,12362.6,5.8,45.51171,-73.52406,5.199,4
3312,97,192,12368.3,5.8,45.51176,-73.52408,5.7,4
3313,97,192,12374.1,5.6,45.511806,-73.52409,5.8,4
3314,97,192,12379.7,5.6,45.511837,-73.52412,5.601,4
3315,97,192,12384.9,5.6,45.511898,-73.52414,5.2,4
3316,97,192,12390.1,5.6,45.511944,-73.524155,5.199,4
3317,97,192,12396.1,5.6,45.511993,-73.52417,6,4
3318,97,192,12401.6,5.6,45.512035,-73.52418,5.5,4
3319,97,192,12406.4,5.6,45.51209,-73.524185,4.801,4
3320,97,192,12412,5.6,45.51214,-73.52419,5.6,4
3321,97,193,12418,5.6,45.512188,-73.52421,6,4
3322,97,193,12422.8,5.6,45.512234,-73.52423,4.8,4
3323,97,193,12428.4,5.6,45.512283,-73.52425,5.601,4
3324,97,193,12434,5.6,45.512333,-73.52426,5.6,4
3325,97,193,12440.5,5.8,45.512386,-73.52428,6.5,4
3326,97,193,12445.4,5.8,45.512436,-73.52429,4.9,4
3327,97,193,12451.3,5.8,45.51248,-73.5243,5.899,4
3328,97,193,12457.1,5.8,45.512535,-73.524315,5.8,4
3329,97,193,12463,5.8,45.51259,-73.52434,5.9,4
3330,97,193,12468.7,6,45.512638,-73.52435,5.7,4
3331,97,193,12475,6,45.512688,-73.52437,6.3,4
3332,97,193,12480.7,6,45.512726,-73.524376,5.7,4
3333,97,192,12486.6,6,45.51278,-73.52439,5.899,4
3334,97,192,12491.6,6,45.51284,-73.52441,5,4
3335,97,192,12497.4,6,45.51289,-73.52442,5.801,4
3336,97,192,12503.6,6.2,45.512928,-73.52444,6.199,4
3337,97,192,12509.3,6.2,45.512978,-73.524445,5.7,4
3338,97,192,12514.4,6.2,45.51303,-73.52445,5.101,4
3339,97,192,12520,6.2,45.513077,-73.52447,5.6,4
3340,97,192,12525.3,6.2,45.51313,-73.52448,5.3,4
3341,97,192,12530.9,6.2,45.513176,-73.5245,5.601,4
3342,97,192,12536.5,6.2,45.513233,-73.52451,5.6,4
3343,97,192,12542.7,6.2,45.513275,-73.52452,6.2,4
3344,97,192,12548.7,6.2,45.513332,-73.52454,6,4
3345,97,192,12553.1,6.2,45.51338,-73.52456,4.399,4
3346,97,192,12559.3,6.2,45.513428,-73.524574,6.2,4
3347,97,192,12565.3,6.2,45.513474,-73.52458,6,4
3348,97,192,12571,6.2,45.513523,-73.524605,5.7,4
3349,97,192,12576.4,6.2,45.513573,-73.52462,5.4,4
3350,97,192,12582.2,6.2,45.513622,-73.524635,5.8,4
3351,97,192,12587.9,6.4,45.513676,-73.52466,5.7,4
3352,97,192,12593.7,6.4,45.513714,-73.524666,5.8,4
3353,97,192,12598.9,6.4,45.513763,-73.52468,5.2,4
3354,97,192,12604.6,6.4,45.513817,-73.524704,5.699,4
3355,97,191,12609.8,6.4,45.513866,-73.52472,5.2,4
3356,97,191,12615.7,6.4,45.513912,-73.524734,5.9,4
3357,97,191,12621.3,6.6,45.513973,-73.52475,5.6,4
3358,97,191,12626.9,6.6,45.514027,-73.524765,5.601,4
3359,97,191,12633.2,6.6,45.514065,-73.52478,6.3,4
3360,97,191,12639,6.6,45.51412,-73.524796,5.8,4
3361,97,191,12644.1,6.6,45.514168,-73.52481,5.1,4
3362,97,191,12650,6.6,45.51422,-73.524826,5.9,4
3363,97,191,12656.4,6.6,45.51426,-73.52484,6.4,4
3364,97,191,12662.2,6.6,45.514305,-73.52486,5.8,4
3365,97,191,12667.2,6.6,45.514366,-73.52487,5,4
3366,97,191,12672.6,6.6,45.514416,-73.52489,5.399,4
3367,97,191,12678.9,6.6,45.51447,-73.524895,6.301,4
3368,97,191,12683.9,6.6,45.51451,-73.52491,5,4
3369,97,192,12689.7,6.6,45.514572,-73.524925,5.8,4
3370,97,192,12695.8,6.6,45.514618,-73.52494,6.1,4
3371,97,192,12701.8,6.6,45.514668,-73.524956,6,4
3372,97,192,12707.4,6.6,45.514713,-73.52497,5.601,4
3373,97,192,12713.1,6.4,45.514767,-73.52499,5.699,4
3374,97,192,12719.1,6.4,45.514812,-73.52501,6,4
3375,97,192,12725.1,6.4,45.514866,-73.52502,6,4
3376,97,192,12730.1,6.4,45.514904,-73.52503,5,4
3377,97,192,12735.8,6.2,45.514954,-73.52504,5.7,4
3378,97,192,12740.7,6.2,45.51501,-73.525055,4.9,4
3379,97,192,12746.6,6.2,45.515053,-73.52507,5.899,4
3380,97,192,12751.9,6.2,45.515095,-73.52508,5.301,4
3381,97,192,12757,6,45.515144,-73.52509,5.1,4
3382,97,192,12761.9,6,45.51521,-73.52511,4.9,4
3383,97,192,12767.7,6,45.515255,-73.52512,5.8,4
3384,97,193,12774,6,45.5153,-73.52515,6.3,4
3385,97,193,12779.7,6,45.51534,-73.52516,5.7,4
3386,97,192,12784.9,5.8,45.515385,-73.52518,5.2,4
3387,97,192,12790.4,5.8,45.515427,-73.5252,5.5,4
3388,97,192,12795.7,5.6,45.515476,-73.525215,5.3,4
3389,97,192,12800.5,5.6,45.515526,-73.52523,4.8,4
3390,97,192,12806.3,5.4,45.515575,-73.525246,5.8,4
3391,97,192,12812,5.4,45.51563,-73.52526,5.7,4
3392,97,192,12817.4,5.4,45.51569,-73.525276,5.4,4
3393,97,192,12822.4,5.4,45.51574,-73.52528,5,4
3394,96,192,12828.7,5.2,45.51579,-73.5253,6.3,4
3395,95,191,12834.8,5.2,45.515827,-73.52531,6.1,4
3396,95,191,12841.1,5,45.51589,-73.52533,6.3,4
3397,96,191,12846.5,5,45.515934,-73.525345,5.4,4
3398,96,191,12853.1,4.8,45.515976,-73.52535,6.6,4
3399,96,191,12858.9,4.8,45.516026,-73.52536,5.801,4
3400,95,191,12864,4.8,45.51607,-73.52537,5.1,4
3401,96,191,12869.4,4.8,45.516113,-73.525375,5.4,4
3402,96,191,12874.4,4.6,45.51615,-73.5254,5,4
3403,96,191,12878.7,4.6,45.51619,-73.5254,4.3,4
3404,95,191,12883,4.4,45.51622,-73.52541,4.3,4
3405,93,190,12887,4.4,45.516243,-73.52541,4,4
3406,93,190,12890.8,4.2,45.51626,-73.52541,3.8,4
3407,93,190,12892.7,4.2,45.516273,-73.52541,1.9,4
3408,93,190,12894.6,4.2,45.516285,-73.52541,1.899,4
3409,79,190,12895.7,4.2,45.516296,-73.52541,1.101,4
3410,69,190,12896.1,4.2,45.51631,-73.52541,0.399,4
3411,63,188,12896.4,4.4,45.516323,-73.52542,0.301,4
3412,60,188,12896.6,4.4,45.516335,-73.52542,0.199,4
3413,59,189,12896.7,4.4,45.516342,-73.52543,0.101,4
3414,58,190,12896.8,4.4,45.516354,-73.52543,0.1,4
3415,57,188,12897.2,4.4,45.51636,-73.52544,0.4,4
3416,56,187,12897.9,4.4,45.516365,-73.52544,0.7,4
3417,56,187,12898.5,4.4,45.516373,-73.52544,0.6,4
3418,56,185,12899.1,4.4,45.516376,-73.52544,0.6,4
3419,56,185,12899.8,4.6,45.516376,-73.52543,0.7,4
3420,56,184,12900.2,4.6,45.51637,-73.52543,0.4,4
3421,56,181,12900.2,4.6,45.51636,-73.52544,0,4
3422,56,181,12900.2,4.6,45.51635,-73.52544,0,4
3423,56,178,12900.2,4.8,45.51635,-73.52543,0,4
3424,56,177,12900.3,4.8,45.516354,-73.52543,0.1,4
3425,56,174,12900.3,4.8,45.516357,-73.52544,0,4
3426,56,174,12900.3,4.8,45.516365,-73.52543,0,4
3427,53,171,12900.3,5,45.516373,-73.52543,0,4
3428,53,170,12900.3,5,45.516373,-73.52541,0,4
3429,51,171,12900.4,5.2,45.516373,-73.52539,0.101,4
3430,51,170,12900.4,5.4,45.516365,-73.5254,0,4
3431,50,170,12900.8,5.4,45.516354,-73.52541,0.399,4
3432,52,168,12900.8,5.6,45.51635,-73.52541,0,4
3433,53,164,12901.3,5.8,45.51635,-73.52542,0.5,4
3434,53,162,12901.8,6,45.516354,-73.52543,0.5,4
3435,53,162,12902.8,6,45.51636,-73.52543,1,4
3436,53,159,12902.8,6,45.516365,-73.52543,0,4
3437,53,159,12902.8,6.2,45.51637,-73.52542,0,4
3438,53,156,12902.8,6.4,45.51637,-73.52542,0,4
3439,53,155,12902.8,6.4,45.51637,-73.52542,0,4
3440,50,154,12902.8,6.6,45.516373,-73.52542,0,4
3441,50,152,12902.8,6.6,45.516376,-73.52541,0,4
3442,50,152,12902.8,6.8,45.516373,-73.525406,0,4
3443,46,148,12902.8,6.8,45.516373,-73.5254,0,4
3444,46,149,12902.8,6.8,45.51637,-73.5254,0,4
3445,44,143,12903.1,6.8,45.516365,-73.5254,0.3,4
3446,44,142,12903.2,7,45.51636,-73.5254,0.101,4
3447,45,142,12903.6,7,45.516357,-73.5254,0.399,4
3448,46,140,12903.6,7,45.51635,-73.5254,0,4
3449,49,138,12904.3,7.2,45.516342,-73.5254,0.7,4
3450,49,136,12904.9,7.2,45.51633,-73.52539,0.601,4
3451,49,136,12905.7,7.2,45.51632,-73.52539,0.8,4
3452,49,134,12907.1,7.4,45.516308,-73.52538,1.399,4
3453,51,133,12908.3,7.4,45.5163,-73.52538,1.2,4
3454,54,132,12909.8,7.4,45.516285,-73.52538,1.5,4
3455,54,130,12911.1,7.4,45.516277,-73.52538,1.3,4
3456,54,130,12912.6,7.4,45.51627,-73.52538,1.5,4
3457,55,131,12914.1,7.4,45.51627,-73.5254,1.5,4
3458,55,131,12915.2,7.6,45.516273,-73.525406,1.101,4
3459,54,132,12916,7.6,45.516277,-73.52541,0.8,4
3460,54,132,12916.4,7.6,45.51629,-73.52541,0.4,4
3461,54,132,12916.7,7.8,45.5163,-73.525406,0.3,4
3462,54,132,12917.1,7.8,45.51631,-73.5254,0.399,4
3463,54,132,12917.3,7.8,45.51632,-73.5254,0.2,4
3464,54,132,12917.6,7.8,45.516327,-73.5254,0.3,4
3465,54,133,12917.9,7.8,45.516335,-73.5254,0.301,4
3466,54,134,12918.6,7.8,45.516342,-73.525406,0.699,4
3467,54,134,12919.9,8,45.516346,-73.525406,1.301,4
3468,54,135,12921.2,8,45.51635,-73.52541,1.3,4
3469,54,136,12922.1,8,45.51635,-73.52541,0.899,4
3470,54,136,12922.8,8,45.51635,-73.52541,0.7,4
3471,54,136,12922.8,8,45.51635,-73.52542,0,4
3472,54,136,12922.8,8,45.51635,-73.52542,0,4
3473,54,136,12922.8,7.8,45.516346,-73.52542,0,4
3474,54,137,12922.8,7.8,45.516346,-73.52542,0,4
3475,0,138,12922.8,7.8,45.516346,-73.52542,0,4
3476,0,138,12922.8,7.8,45.516342,-73.52542,0,4
3477,0,139,12922.8,7.8,45.516342,-73.52542,0,4
3478,0,139,12922.8,7.8,45.516342,-73.52542,0,4
3479,0,139,12922.8,7.6,45.516342,-73.52542,0,4
3480,0,140,12922.8,7.6,45.516342,-73.52542,0,4
3481,0,140,12922.8,7.6,45.516342,-73.52542,0,4
3482,0,140,12922.8,7.4,45.516342,-73.52542,0,4
3483,0,139,12922.8,7.4,45.516342,-73.52542,0,4
3484,0,137,12922.8,7.4,45.516342,-73.52542,0,4
3485,0,136,12922.8,7.4,45.516342,-73.52542,0,4
3486,0,134,12922.8,7.4,45.516342,-73.52542,0,4
3487,0,134,12922.8,7.4,45.516342,-73.52542,0,4
3488,0,132,12922.8,7.4,45.516342,-73.52542,0,4
3489,0,130,12922.8,7.4,45.516342,-73.52542,0,4
3490,0,126,12922.8,7.2,45.516342,-73.52542,0,4
3491,0,125,12922.8,7.2,45.516342,-73.52542,0,4
3492,0,125,12922.8,7.2,45.51634,-73.52542,0,4
3493,0,124,12922.8,7.2,45.51634,-73.52542,0,4
3494,0,123,12922.8,7,45.51634,-73.52543,0,4
3495,0,123,12922.8,7,45.51634,-73.52544,0,4
3496,0,124,12922.8,7,45.51634,-73.525444,0,4
3497,0,124,12922.8,7,45.51634,-73.525444,0,4
3498,0,124,12922.8,7,45.51634,-73.525444,0,4
3499,0,124,12922.8,7,45.51634,-73.525444,0,4
3500,0,124,12922.8,6.8,45.516335,-73.525444,0,4
3501,0,124,12922.8,6.8,45.516335,-73.525444,0,4
3502,0,124,12922.8,6.8,45.51633,-73.525444,0,4
3503,0,124,12922.8,6.8,45.51633,-73.525444,0,4
3504,0,124,12922.8,6.8,45.516327,-73.525444,0,4
3505,0,123,12922.8,6.8,45.516327,-73.525444,0,4
3506,0,123,12922.8,6.8,45.516327,-73.525444,0,4
3507,0,123,12922.8,6.8,45.516327,-73.525444,0,4
3508,23,122,12922.8,6.8,45.516323,-73.525444,0,4
3509,39,122,12922.8,6.8,45.51632,-73.525444,0,4
3510,39,120,12922.8,6.8,45.51632,-73.525444,0,4
3511,39,118,12922.8,6.8,45.51631,-73.525444,0,4
3512,48,118,12922.8,6.8,45.5163,-73.52544,0,4
3513,56,117,12922.8,6.8,45.516277,-73.52543,0,4
3514,63,117,12922.8,6.6,45.516254,-73.52542,0,4
3515,64,117,12923.4,6.6,45.516224,-73.525406,0.601,4
3516,76,117,12926.3,6.6,45.51619,-73.52539,2.899,4
3517,87,117,12929.8,6.6,45.51615,-73.525375,3.5,4
3518,89,117,12934.2,6.6,45.516106,-73.52536,4.4,4
3519,94,115,12939.5,6.6,45.516056,-73.52534,5.3,4
3520,95,113,12945.4,6.6,45.516,-73.525314,5.9,4
3521,96,112,12952.6,6.6,45.515945,-73.52528,7.199,4
3522,96,112,12960.5,6.6,45.51589,-73.52527,7.9,4
3523,96,110,12968.1,6.6,45.51584,-73.52525,7.6,4
3524,96,114,12975.7,6.6,45.515785,-73.52522,7.601,4
3525,96,120,12983,6.6,45.515736,-73.52521,7.3,4
3526,94,120,12990.5,6.6,45.515686,-73.525185,7.5,4
3527,96,120,12997.5,6.6,45.515636,-73.52518,7,4
3528,96,119,13004.1,6.6,45.515587,-73.52516,6.6,4
3529,96,122,13010.5,6.6,45.51554,-73.52515,6.4,4
3530,98,128,13016.1,6.6,45.515495,-73.52514,5.6,4
3531,99,130,13021.2,6.6,45.51545,-73.52512,5.101,4
3532,99,130,13026.3,6.6,45.515396,-73.52511,5.1,4
3533,99,130,13031.4,6.6,45.515347,-73.52509,5.101,4
3534,99,130,13036.9,6.6,45.515297,-73.525085,5.5,4
3535,99,137,13042.1,6.6,45.515247,-73.52507,5.199,4
3536,99,140,13047.5,6.6,45.515198,-73.525055,5.4,4
3537,98,140,13053,6.6,45.51515,-73.52505,5.5,4
3538,97,142,13058.6,6.6,45.515102,-73.52503,5.6,4
3539,99,141,13064.2,6.8,45.515057,-73.52501,5.601,4
3540,99,148,13069.9,6.8,45.515007,-73.524994,5.7,4
3541,99,150,13075.7,6.8,45.514957,-73.52498,5.8,4
3542,97,150,13081.4,6.8,45.514908,-73.52496,5.7,4
3543,97,152,13086.9,6.8,45.51485,-73.52494,5.5,4
3544,97,153,13092.7,6.8,45.514797,-73.524925,5.8,4
3545,99,155,13098.8,6.8,45.514744,-73.52491,6.1,4
3546,99,158,13104.9,6.8,45.514687,-73.524895,6.101,4
3547,99,158,13111.1,7,45.514633,-73.52487,6.199,4
3548,98,161,13117.7,7,45.514587,-73.524864,6.601,4
3549,97,164,13124.2,7.2,45.51454,-73.52484,6.5,4
3550,97,164,13130.1,7.2,45.514496,-73.52483,5.899,4
3551,97,164,13135.8,7.4,45.514442,-73.52482,5.7,4
3552,97,164,13141.4,7.4,45.514397,-73.52481,5.601,4
3553,97,165,13147.2,7.4,45.514343,-73.52479,5.8,4
3554,97,165,13152.4,7.6,45.514297,-73.524765,5.2,4
3555,97,166,13158.1,7.6,45.514248,-73.524765,5.699,4
3556,97,167,13163.2,7.8,45.514194,-73.52475,5.101,4
3557,97,167,13168.4,7.8,45.51414,-73.52473,5.2,4
3558,98,170,13173.8,7.8,45.51409,-73.52472,5.399,4
3559,99,171,13180,8,45.51404,-73.52471,6.2,4
3560,99,174,13185.9,8,45.514,-73.524704,5.9,4
3561,99,174,13191.6,8,45.51395,-73.52469,5.699,4
3562,99,174,13196.9,8,45.5139,-73.52467,5.301,4
3563,98,176,13202.5,8,45.513847,-73.52466,5.6,4
3564,97,177,13207.9,8,45.513798,-73.52465,5.4,4
3565,97,180,13213.8,8,45.51375,-73.524635,5.899,4
3566,97,181,13219.6,8,45.5137,-73.52462,5.8,4
3567,97,181,13225.1,8,45.51365,-73.52461,5.5,4
3568,97,182,13230.5,8,45.513603,-73.52459,5.4,4
3569,97,183,13236.3,8,45.51355,-73.524574,5.8,4
3570,97,184,13241.8,8,45.5135,-73.52455,5.5,4
3571,97,185,13248,8,45.51345,-73.524536,6.2,4
3572,97,185,13253.7,7.8,45.513405,-73.52453,5.7,4
3573,97,186,13259.4,7.8,45.513355,-73.52451,5.7,4
3574,97,186,13264.8,7.6,45.513306,-73.5245,5.399,4
3575,97,187,13270.3,7.6,45.513256,-73.52448,5.5,4
3576,97,187,13276,7.4,45.513206,-73.524475,5.7,4
3577,97,188,13281.6,7.4,45.513157,-73.52445,5.6,4
3578,97,188,13287.1,7.4,45.513107,-73.52444,5.5,4
3579,97,189,13292.9,7.4,45.513058,-73.52443,5.801,4
3580,97,189,13298.5,7.2,45.513012,-73.52442,5.6,4
3581,97,190,13304.1,7.2,45.512962,-73.524414,5.6,4
3582,97,190,13309.3,7.2,45.512917,-73.5244,5.2,4
3583,97,190,13314.9,7,45.512867,-73.52438,5.601,4
3584,97,190,13320.4,7,45.51282,-73.524376,5.5,4
3585,97,190,13325.7,7,45.51277,-73.52436,5.3,4
3586,97,190,13331.2,7,45.512722,-73.52436,5.5,4
3587,97,190,13336.5,6.8,45.512676,-73.524345,5.3,4
3588,97,189,13341.9,6.8,45.512627,-73.52433,5.4,4
3589,97,189,13347.1,6.8,45.512573,-73.52431,5.199,4
3590,97,189,13352.8,6.8,45.512524,-73.52429,5.7,4
3591,97,189,13358.6,6.8,45.512474,-73.52427,5.8,4
3592,97,189,13364.4,6.8,45.512424,-73.52425,5.801,4
3593,97,189,13370.4,6.8,45.512375,-73.52424,6,4
3594,97,189,13376.3,6.8,45.51233,-73.52422,5.899,4
3595,97,190,13381.9,6.8,45.512283,-73.524216,5.601,4
3596,97,190,13387.7,6.6,45.51223,-73.5242,5.8,4
3597,97,190,13393.2,6.6,45.51218,-73.52418,5.5,4
3598,97,190,13399,6.6,45.51213,-73.524155,5.8,4
3599,97,190,13404.6,6.6,45.51208,-73.52414,5.6,4
3600,97,191,13410.4,6.6,45.51203,-73.52412,5.801,4
3601,97,191,13416.1,6.6,45.511982,-73.52409,5.699,4
3602,97,191,13421.6,6.8,45.51193,-73.52407,5.5,4
3603,97,191,13427.5,6.8,45.51188,-73.524055,5.9,4
3604,97,191,13433.7,6.8,45.51183,-73.52403,6.2,4
3605,97,191,13439.8,6.8,45.51178,-73.524025,6.1,4
3606,97,191,13445.9,6.8,45.51173,-73.52401,6.101,4
3607,97,191,13451.6,6.8,45.511684,-73.52399,5.699,4
3608,97,191,13457.1,7,45.511635,-73.52398,5.5,4
3609,97,191,13462.6,7,45.511585,-73.523964,5.5,4
3610,97,191,13468.2,7.2,45.51154,-73.52396,5.601,4
3611,97,191,13473.7,7.2,45.51149,-73.52394,5.5,4
3612,97,191,13479,7.4,45.51144,-73.52392,5.3,4
3613,98,192,13484.3,7.4,45.51139,-73.52391,5.3,4
3614,99,192,13489.8,7.4,45.51134,-73.523895,5.5,4
3615,98,192,13495.3,7.4,45.51129,-73.52388,5.5,4
3616,97,192,13500.9,7.6,45.511242,-73.52386,5.601,4
3617,97,192,13506.7,7.6,45.511192,-73.52385,5.8,4
3618,97,192,13512.5,7.8,45.511143,-73.52384,5.8,4
3619,97,192,13518.2,7.8,45.511093,-73.523834,5.7,4
3620,97,192,13523.8,8,45.511044,-73.52382,5.6,4
3621,97,192,13529.6,8,45.510994,-73.5238,5.8,4
3622,97,192,13535.4,8,45.510944,-73.52379,5.801,4
3623,97,192,13540.9,8,45.51089,-73.52377,5.5,4
3624,97,192,13546.6,8,45.51084,-73.52375,5.699,4
3625,97,192,13552.5,8,45.51079,-73.52373,5.9,4
3626,98,192,13558.3,8,45.510742,-73.52371,5.8,4
3627,97,192,13564.2,8,45.510685,-73.5237,5.9,4
3628,97,192,13570,8.2,45.510635,-73.52368,5.8,4
3629,97,192,13576.3,8.2,45.510586,-73.52367,6.3,4
3630,97,192,13582.2,8.2,45.510536,-73.52364,5.9,4
3631,97,192,13588.1,8.4,45.51049,-73.523636,5.899,4
3632,97,192,13594,8.4,45.51044,-73.52361,5.9,4
3633,97,192,13599.6,8.4,45.510395,-73.523605,5.6,4
3634,97,192,13605.1,8.6,45.510345,-73.5236,5.5,4
3635,97,192,13610.5,8.6,45.5103,-73.52358,5.4,4
3636,97,192,13615.6,8.6,45.51025,-73.52356,5.1,4
3637,97,192,13621.2,8.6,45.510197,-73.52354,5.601,4
3638,97,192,13626.5,8.6,45.510147,-73.52352,5.3,4
3639,97,192,13632,8.6,45.510094,-73.523506,5.5,4
3640,97,193,13637.8,8.8,45.51004,-73.52348,5.8,4
3641,97,193,13643.7,8.8,45.50999,-73.52347,5.9,4
3642,97,193,13650,8.8,45.50994,-73.52345,6.3,4
3643,97,193,13655.8,9,45.50989,-73.52344,5.8,4
3644,97,193,13661.9,9,45.509842,-73.523415,6.101,4
3645,97,193,13668,9.2,45.509796,-73.5234,6.1,4
3646,97,193,13673.8,9.2,45.509747,-73.523384,5.8,4
3647,98,193,13679.4,9.2,45.509697,-73.52337,5.601,4
3648,98,193,13685,9.2,45.509647,-73.52335,5.6,4
3649,99,193,13690.6,9.2,45.5096,-73.523346,5.6,4
3650,98,193,13696,9.2,45.509552,-73.52333,5.4,4
3651,97,193,13701.2,9.4,45.509506,-73.52332,5.2,4
3652,97,193,13706.6,9.4,45.509457,-73.52331,5.399,4
3653,97,193,13712,9.4,45.509403,-73.52329,5.4,4
3654,98,193,13717.5,9.4,45.509354,-73.52328,5.5,4
3655,97,193,13723.1,9.4,45.509308,-73.52326,5.6,4
3656,97,193,13728.8,9.6,45.50926,-73.52325,5.7,4
3657,97,193,13734.3,9.6,45.50921,-73.52323,5.5,4
3658,97,193,13739.9,9.6,45.50916,-73.52322,5.601,4
3659,97,193,13745.5,9.6,45.509113,-73.5232,5.6,4
3660,97,193,13751.2,9.6,45.50906,-73.523186,5.7,4
3661,97,193,13756.9,9.6,45.50901,-73.52318,5.7,4
3662,98,193,13762.7,9.6,45.508965,-73.52316,5.8,4
3663,99,193,13768.3,9.6,45.50891,-73.52315,5.6,4
3664,99,193,13773.8,9.6,45.50886,-73.52313,5.5,4
3665,97,193,13779.6,9.6,45.508812,-73.52312,5.8,4
3666,97,193,13785.3,9.6,45.50876,-73.5231,5.7,4
3667,97,193,13791,9.4,45.50871,-73.52309,5.7,4
3668,97,193,13797.1,9.4,45.50866,-73.52306,6.1,4
3669,98,193,13802.8,9.4,45.50861,-73.52305,5.7,4
3670,98,193,13808.7,9.4,45.50856,-73.523026,5.9,4
3671,97,193,13814.6,9.2,45.50851,-73.52301,5.899,4
3672,97,193,13820.5,9.2,45.50846,-73.52299,5.9,4
3673,97,193,13826.4,9.2,45.508415,-73.52297,5.9,4
3674,97,193,13832,9.2,45.508366,-73.52296,5.6,4
3675,97,193,13837.7,9.2,45.50832,-73.52294,5.7,4
3676,97,193,13843.3,9.2,45.508274,-73.52293,5.6,4
3677,97,193,13848.5,9.2,45.508224,-73.52291,5.2,4
3678,97,193,13853.8,9,45.508175,-73.52289,5.3,4
3679,97,193,13859.2,9,45.508125,-73.52287,5.4,4
3680,97,193,13864.7,9,45.508076,-73.52285,5.5,4
3681,97,193,13870.2,8.8,45.508026,-73.52283,5.5,4
3682,97,193,13875.9,8.8,45.507977,-73.52282,5.7,4
3683,97,193,13881.7,8.8,45.507927,-73.522804,5.8,4
3684,97,193,13887.3,8.6,45.507877,-73.52279,5.6,4
3685,97,193,13892.9,8.6,45.50783,-73.52278,5.601,4
3686,97,193,13898.7,8.6,45.50778,-73.522766,5.8,4
3687,97,193,13904.7,8.6,45.50773,-73.522766,6,4
3688,97,192,13910.3,8.6,45.50768,-73.52274,5.6,4
3689,97,192,13916,8.6,45.507637,-73.52274,5.7,4
3690,97,192,13921.3,8.6,45.507587,-73.52272,5.3,4
3691,97,192,13926.4,8.6,45.507538,-73.5227,5.101,4
3692,97,192,13932.1,8.6,45.50749,-73.52268,5.699,4
3693,97,192,13937.7,8.6,45.507435,-73.52267,5.601,4
3694,97,192,13943.4,8.6,45.50739,-73.52267,5.7,4
3695,97,192,13949,8.6,45.50734,-73.52266,5.6,4
3696,97,192,13954.5,8.6,45.50729,-73.522644,5.5,4
3697,97,192,13959.9,8.6,45.507244,-73.52264,5.4,4
3698,97,192,13965.4,8.6,45.507195,-73.52262,5.5,4
3699,97,192,13970.9,8.6,45.50715,-73.522606,5.5,4
3700,97,192,13976.8,8.6,45.5071,-73.5226,5.899,4
3701,97,192,13982,8.6,45.507053,-73.52258,5.2,4
3702,97,192,13987.4,8.4,45.507,-73.52257,5.4,4
3703,97,192,13992.8,8.4,45.506954,-73.52255,5.399,4
3704,97,192,13998.3,8.4,45.506905,-73.522545,5.5,4
3705,97,192,14003.8,8.4,45.50686,-73.52253,5.5,4
3706,97,192,14009.4,8.4,45.506813,-73.522514,5.601,4
3707,97,192,14014.8,8.4,45.506767,-73.5225,5.399,4
3708,97,192,14020.1,8.2,45.50672,-73.52249,5.3,4
3709,97,192,14025.2,8.2,45.506683,-73.52248,5.101,4
3710,97,192,14030.4,8.2,45.506638,-73.52247,5.2,4
3711,97,192,14035.1,8.2,45.506596,-73.52246,4.699,4
3712,97,192,14039.9,8.2,45.50655,-73.522446,4.801,4
3713,97,192,14044.6,8,45.5065,-73.52243,4.699,4
3714,97,192,14049.6,8,45.506454,-73.522415,5,4
3715,97,192,14054.7,8,45.506405,-73.5224,5.101,4
3716,97,192,14060,8,45.506355,-73.522385,5.3,4
3717,98,192,14065.3,8,45.506306,-73.52236,5.3,4
3718,97,192,14071,8,45.506256,-73.52236,5.7,4
3719,97,192,14076.8,7.8,45.506207,-73.52235,5.8,4
3720,97,192,14082.9,7.8,45.506157,-73.52234,6.101,4
3721,97,192,14088.9,7.6,45.506107,-73.52232,6,4
3722,97,192,14094.8,7.6,45.506058,-73.52231,5.899,4
3723,97,192,14100.6,7.6,45.50601,-73.52229,5.8,4
3724,97,192,14106.4,7.6,45.50596,-73.52228,5.801,4
3725,97,192,14112.2,7.6,45.505913,-73.52226,5.8,4
3726,97,192,14117.7,7.6,45.505863,-73.52225,5.5,4
3727,97,192,14123.3,7.4,45.505814,-73.52223,5.6,4
3728,97,192,14128.9,7.4,45.505768,-73.522224,5.601,4
3729,97,192,14134.3,7.4,45.505722,-73.52222,5.399,4
3730,97,192,14139.6,7.4,45.505672,-73.5222,5.3,4
3731,97,192,14145,7.4,45.505623,-73.522194,5.4,4
3732,97,192,14150.5,7.4,45.50557,-73.52218,5.5,4
3733,97,192,14155.9,7.4,45.50552,-73.52217,5.4,4
3734,97,192,14161.5,7.2,45.50547,-73.52216,5.6,4
3735,97,192,14167.2,7.2,45.505424,-73.522156,5.7,4
3736,97,192,14172.7,7.2,45.505375,-73.52215,5.5,4
3737,97,192,14178.1,7,45.50533,-73.52214,5.399,4
3738,97,192,14183.6,7,45.505283,-73.522125,5.5,4
3739,97,192,14189,7,45.505238,-73.5221,5.4,4
3740,97,192,14194.4,7,45.505188,-73.52209,5.4,4
3741,97,192,14199.8,6.8,45.505135,-73.522064,5.399,4
3742,97,192,14205.4,6.8,45.505085,-73.52205,5.601,4
3743,97,192,14211,6.8,45.505028,-73.522026,5.6,4
3744,97,192,14216.7,6.8,45.504974,-73.52202,5.7,4
3745,97,192,14223.1,6.8,45.50492,-73.521996,6.399,4
3746,97,192,14229.4,6.8,45.504868,-73.52199,6.301,4
3747,97,192,14235.8,6.8,45.504814,-73.52197,6.399,4
3748,97,192,14242.2,6.8,45.50476,-73.52195,6.4,4
3749,97,192,14248.9,6.8,45.504707,-73.52192,6.7,4
3750,97,192,14255.2,6.8,45.504658,-73.521904,6.3,4
3751,97,192,14261.6,6.8,45.504604,-73.52188,6.399,4
3752,97,192,14267.8,6.8,45.50455,-73.52186,6.2,4
3753,97,192,14274.1,6.8,45.5045,-73.521835,6.3,4
3754,97,192,14280,6.8,45.504448,-73.52181,5.9,4
3755,97,192,14286.1,6.8,45.5044,-73.52179,6.1,4
3756,97,192,14292.2,7,45.50435,-73.521774,6.101,4
3757,97,192,14298.2,7,45.5043,-73.52176,6,4
3758,97,192,14303.8,7.2,45.50425,-73.52174,5.6,4
3759,97,192,14309.6,7.2,45.5042,-73.52172,5.8,4
3760,97,192,14315.1,7.4,45.50415,-73.521706,5.5,4
3761,97,192,14320.7,7.4,45.5041,-73.5217,5.601,4
3762,97,192,14326.2,7.4,45.504055,-73.52169,5.5,4
3763,97,192,14331.5,7.4,45.504005,-73.521675,5.3,4
3764,97,193,14336.8,7.6,45.50396,-73.52167,5.3,4
3765,97,193,14342.1,7.6,45.50391,-73.521645,5.3,4
3766,97,193,14347.5,7.8,45.50386,-73.52164,5.4,4
3767,97,193,14353,7.8,45.50381,-73.52163,5.5,4
3768,97,193,14358.4,7.8,45.503765,-73.52161,5.4,4
3769,97,193,14363.9,7.8,45.503716,-73.52159,5.5,4
3770,97,193,14369.3,7.8,45.503666,-73.52158,5.399,4
3771,97,192,14374.8,8,45.50362,-73.52157,5.5,4
3772,95,192,14380.3,8,45.50357,-73.52155,5.5,4
3773,96,192,14385.9,8,45.503525,-73.521545,5.601,4
3774,96,192,14391.4,8,45.503475,-73.52153,5.5,4
3775,96,192,14396.6,8,45.50343,-73.52151,5.199,4
3776,96,192,14402,8,45.50338,-73.52149,5.4,4
3777,96,192,14407.7,8,45.50333,-73.52148,5.7,4
3778,96,192,14413.4,8,45.50328,-73.52146,5.7,4
3779,96,192,14419,8,45.503227,-73.52144,5.6,4
3780,96,192,14424.6,8,45.503178,-73.52142,5.6,4
3781,96,192,14430.5,8,45.503128,-73.52141,5.9,4
3782,96,192,14436.3,8,45.50308,-73.5214,5.8,4
3783,96,192,14442.3,8,45.50303,-73.521385,6,4
3784,96,192,14448.2,8,45.502983,-73.52137,5.9,4
3785,96,192,14453.9,8,45.502934,-73.521355,5.7,4
3786,96,192,14459.4,8,45.502895,-73.52134,5.5,4
3787,95,192,14464.8,8,45.50286,-73.52133,5.399,4
3788,94,193,14469.4,8,45.502834,-73.521324,4.601,4
3789,88,193,14473.5,7.8,45.50281,-73.52132,4.1,4
3790,88,193,14476.7,7.8,45.502796,-73.52132,3.2,4
3791,88,192,14478.9,7.8,45.50278,-73.52132,2.2,4
3792,88,192,14480.5,7.8,45.50277,-73.52132,1.6,4
3793,87,192,14481.6,7.8,45.502754,-73.52132,1.1,4
3794,75,193,14481.8,7.8,45.502743,-73.52132,0.2,4
3795,68,190,14482.1,7.8,45.50273,-73.52132,0.3,4
3796,65,190,14482.1,7.8,45.50272,-73.52132,0,4
3797,62,190,14482.1,7.8,45.50271,-73.52132,0,4
3798,60,190,14482.3,7.8,45.502697,-73.52131,0.2,4
3799,59,186,14482.8,7.8,45.50269,-73.52132,0.5,4
3800,59,182,14483.5,7.8,45.502678,-73.52131,0.7,4
3801,58,180,14484.3,7.8,45.502666,-73.5213,0.8,4
3802,58,180,14485.5,7.8,45.502655,-73.5213,1.2,4
3803,58,178,14486.5,7.8,45.502647,-73.5213,1,4
3804,58,178,14487.6,7.8,45.50264,-73.5213,1.1,4
3805,58,177,14488.6,7.8,45.50264,-73.52131,1,4
3806,58,175,14489.2,7.8,45.50264,-73.52131,0.601,4
3807,60,175,14489.5,7.8,45.50264,-73.52131,0.3,4
3808,59,174,14489.5,7.8,45.502644,-73.5213,0,4
3809,59,173,14489.5,8,45.502647,-73.5213,0,4
3810,59,169,14489.5,8,45.50265,-73.5213,0,4
3811,59,169,14489.5,8,45.502655,-73.5213,0,4
3812,60,169,14489.5,8,45.502655,-73.5213,0,4
3813,60,169,14489.5,8,45.502655,-73.5213,0,4
3814,60,169,14489.5,8,45.502655,-73.5213,0,4
3815,60,165,14489.5,8,45.50266,-73.5213,0,4
3816,60,164,14489.5,8,45.50266,-73.5213,0,4
3817,60,164,14489.5,8,45.50266,-73.5213,0,4
3818,60,162,14489.5,8,45.50266,-73.5213,0,4
3819,60,162,14489.5,7.8,45.50266,-73.52129,0,4
3820,60,162,14489.5,7.8,45.50266,-73.52129,0,4
3821,60,162,14489.5,7.8,45.50266,-73.52129,0,4
3822,60,162,14489.5,7.8,45.50266,-73.52129,0,4
3823,60,162,14489.5,7.8,45.50266,-73.52129,0,4
3824,60,161,14489.5,7.8,45.50266,-73.52129,0,4
3825,60,156,14489.5,7.6,45.50266,-73.52129,0,4
3826,60,155,14489.5,7.6,45.50266,-73.52129,0,4
3827,60,155,14489.5,7.6,45.50266,-73.52129,0,4
3828,60,153,14489.5,7.6,45.50266,-73.52129,0,4
3829,60,152,14489.5,7.4,45.50266,-73.52129,0,4
3830,59,149,14489.5,7.4,45.50266,-73.52129,0,4
3831,58,149,14489.5,7.4,45.50266,-73.52129,0,4
3832,57,149,14489.5,7.4,45.50266,-73.52129,0,4
3833,57,148,14489.5,7.4,45.50266,-73.52129,0,4
3834,57,148,14489.5,7.4,45.50266,-73.52129,0,4
3835,57,147,14489.5,7.4,45.50266,-73.52129,0,4
3836,60,148,14489.5,7.2,45.502663,-73.52129,0,4
3837,62,148,14489.5,7.2,45.502663,-73.52129,0,4
3838,62,148,14489.5,7.2,45.502663,-73.52129,0,4
3839,62,148,14489.5,7.2,45.502663,-73.52129,0,4
3840,62,150,14489.5,7.2,45.502666,-73.52129,0,4
3841,62,151,14489.5,7,45.502666,-73.52129,0,4
3842,62,151,14489.5,7,45.502666,-73.52129,0,4
3843,62,150,14489.5,7,45.50267,-73.521286,0,4
3844,63,149,14489.5,7,45.50267,-73.521286,0,4
3845,63,148,14489.5,7,45.50267,-73.521286,0,4
3846,63,147,14489.5,6.8,45.50267,-73.521286,0,4
3847,63,147,14489.5,6.8,45.502674,-73.521286,0,4
3848,63,147,14489.5,6.8,45.502674,-73.521286,0,4
3849,63,147,14489.5,6.8,45.502674,-73.521286,0,4
3850,63,147,14489.5,6.8,45.502674,-73.521286,0,4
3851,63,147,14489.5,6.8,45.50268,-73.521286,0,4
3852,63,147,14489.5,6.8,45.50268,-73.521286,0,4
3853,63,147,14489.5,6.8,45.50268,-73.521286,0,4
3854,63,147,14489.5,6.8,45.502686,-73.521286,0,4
3855,63,146,14489.5,6.8,45.502686,-73.521286,0,4
3856,61,146,14489.5,6.8,45.502686,-73.52128,0,4
3857,62,146,14489.5,6.8,45.502686,-73.52128,0,4
3858,63,145,14489.5,6.8,45.502686,-73.52128,0,4
3859,63,144,14489.5,6.8,45.502686,-73.52128,0,4
3860,63,143,14489.5,6.8,45.502686,-73.52128,0,4
3861,63,144,14489.5,6.6,45.502686,-73.52128,0,4
3862,63,144,14489.5,6.6,45.502686,-73.52128,0,4
3863,63,144,14489.5,6.6,45.502686,-73.52128,0,4
3864,63,143,14489.5,6.6,45.502686,-73.52128,0,4
3865,63,143,14489.5,6.6,45.502686,-73.52128,0,4
3866,63,142,14489.5,6.6,45.502686,-73.52128,0,4
3867,63,142,14489.5,6.6,45.502686,-73.52128,0,4
3868,63,142,14489.5,6.6,45.502686,-73.52128,0,4
3869,63,141,14489.5,6.6,45.50269,-73.52128,0,4
3870,63,141,14489.5,6.6,45.50269,-73.52128,0,4
3871,63,140,14489.5,6.6,45.50269,-73.52128,0,4
3872,63,140,14489.5,6.4,45.502693,-73.52128,0,4
3873,63,139,14489.5,6.4,45.502693,-73.52128,0,4
3874,63,140,14489.5,6.4,45.502693,-73.52128,0,4
3875,56,139,14489.5,6.4,45.502693,-73.52128,0,4
3876,56,139,14489.5,6.4,45.502697,-73.52128,0,4
3877,52,139,14489.5,6.4,45.502697,-73.52128,0,4
3878,52,139,14489.5,6.4,45.502697,-73.52128,0,4
3879,52,139,14489.5,6.4,45.502697,-73.52128,0,4
3880,50,139,14489.5,6.4,45.502697,-73.52127,0,4
3881,50,138,14489.5,6.4,45.502697,-73.52127,0,4
3882,50,138,14489.5,6.4,45.502697,-73.52127,0,4
3883,50,138,14489.5,6.4,45.502697,-73.52127,0,4
3884,50,139,14489.5,6.4,45.502697,-73.52127,0,4
3885,50,138,14489.5,6.4,45.502697,-73.52127,0,4
3886,50,138,14489.5,6.4,45.502697,-73.52127,0,4
3887,50,138,14489.5,6.4,45.5027,-73.52127,0,4
3888,50,138,14489.5,6.4,45.5027,-73.52127,0,4
3889,50,139,14489.5,6.4,45.5027,-73.52126,0,4
3890,50,139,14489.5,6.4,45.5027,-73.52126,0,4
3891,50,140,14489.5,6.4,45.5027,-73.52126,0,4
3892,50,140,14489.5,6.4,45.5027,-73.52126,0,4
3893,50,140,14489.5,6.4,45.5027,-73.52126,0,4
3894,52,140,14489.5,6.4,45.502705,-73.52126,0,4
3895,52,140,14489.5,6.6,45.502705,-73.52126,0,4
3896,52,140,14489.5,6.6,45.502705,-73.52126,0,4
3897,52,140,14489.5,6.6,45.502705,-73.52126,0,4
3898,52,140,14489.5,6.6,45.502705,-73.521255,0,4
3899,54,140,14489.5,6.6,45.502705,-73.521255,0,4
3900,55,140,14489.5,6.6,45.502705,-73.521255,0,4
3901,55,140,14489.5,6.6,45.502705,-73.521255,0,4
3902,55,140,14489.5,6.6,45.50271,-73.521255,0,4
3903,55,140,14489.5,6.6,45.50271,-73.521255,0,4
3904,55,140,14489.5,6.8,45.50271,-73.521255,0,4
3905,55,140,14489.5,6.8,45.50271,-73.521255,0,4
3906,55,140,14489.5,6.8,45.50271,-73.521255,0,4
3907,55,140,14489.5,6.8,45.502712,-73.521255,0,4
3908,50,140,14489.5,6.8,45.502712,-73.521255,0,4
3909,50,140,14489.5,6.8,45.502712,-73.521255,0,4
3910,48,140,14489.5,6.8,45.502712,-73.521255,0,4
3911,48,141,14489.5,6.8,45.502712,-73.521255,0,4
3912,46,141,14489.5,6.8,45.502712,-73.521255,0,4
3913,46,141,14489.5,6.8,45.502712,-73.521255,0,4
3914,45,142,14489.5,7,45.502712,-73.521255,0,4
3915,45,144,14489.5,7,45.502712,-73.521255,0,4
3916,45,145,14489.5,7,45.502712,-73.521255,0,4
3917,47,145,14489.5,7,45.502716,-73.521255,0,4
3918,47,145,14489.5,7,45.502716,-73.521255,0,4
3919,47,147,14489.5,7.2,45.502716,-73.521255,0,4
3920,48,150,14489.5,7.2,45.502716,-73.521255,0,4
3921,48,150,14489.5,7.2,45.502716,-73.521255,0,4
3922,49,150,14489.5,7.2,45.502716,-73.521255,0,4
3923,49,150,14489.5,7.2,45.502716,-73.521255,0,4
3924,49,150,14489.5,7.2,45.502716,-73.521255,0,4
3925,49,149,14489.5,7.2,45.502716,-73.521255,0,4
3926,49,149,14489.5,7.4,45.502716,-73.521255,0,4
3927,49,149,14489.5,7.4,45.502716,-73.521255,0,4
3928,49,148,14489.5,7.4,45.502716,-73.52125,0,4
3929,49,148,14489.5,7.4,45.502716,-73.52125,0,4
3930,49,147,14489.5,7.4,45.502716,-73.52125,0,4
3931,49,147,14489.5,7.4,45.502716,-73.52125,0,4
3932,49,147,14489.5,7.4,45.50272,-73.521255,0,4
3933,49,147,14489.5,7.4,45.502735,-73.521255,0,4
3934,49,146,14489.5,7.4,45.502747,-73.521255,0,4
3935,49,145,14489.5,7.4,45.50277,-73.52127,0,4
3936,49,145,14489.7,7.4,45.50279,-73.52128,0.2,4
3937,49,145,14490,7.4,45.50281,-73.52129,0.3,4
3938,50,145,14492.4,7.4,45.50284,-73.5213,2.4,4
3939,74,144,14495.4,7.4,45.50286,-73.5213,3,4
3940,78,143,14498.7,7.4,45.502884,-73.52131,3.3,4
3941,80,142,14502.3,7.6,45.50291,-73.521324,3.6,4
3942,82,142,14506.1,7.6,45.502926,-73.52133,3.8,4
3943,82,144,14510.1,7.6,45.50295,-73.52134,4,4
3944,82,145,14513.1,7.8,45.50297,-73.52135,3,4
3945,82,148,14516.1,7.8,45.50299,-73.521355,3,4
3946,82,150,14519,7.8,45.50301,-73.52136,2.9,4
3947,82,150,14521.5,8,45.50303,-73.52137,2.5,4
3948,82,149,14523.7,8,45.50305,-73.521385,2.2,4
3949,82,149,14525.7,8,45.503082,-73.52139,2,4
3950,84,148,14528.4,8.2,45.50311,-73.5214,2.7,4
3951,85,147,14531.4,8.2,45.503136,-73.52141,3,4
3952,85,147,14534.1,8.4,45.503166,-73.52142,2.699,4
3953,85,146,14537.4,8.6,45.503193,-73.52143,3.301,4
3954,85,144,14540.7,8.6,45.503223,-73.52144,3.3,4
3955,85,146,14544,8.6,45.50325,-73.52145,3.3,4
3956,85,150,14547.6,8.8,45.503277,-73.521454,3.6,4
3957,85,150,14551.2,8.8,45.503296,-73.52146,3.601,4
3958,85,153,14554.8,9,45.50333,-73.52148,3.6,4
3959,85,156,14557.7,9.2,45.503353,-73.521484,2.9,4
3960,85,157,14561,9.2,45.50338,-73.52149,3.3,4
3961,85,157,14564.1,9.2,45.5034,-73.52149,3.1,4
3962,85,157,14567.1,9.2,45.503426,-73.5215,3,4
3963,84,157,14569.4,9.4,45.50346,-73.521515,2.301,4
3964,85,158,14572.2,9.4,45.503487,-73.52152,2.8,4
3965,86,158,14575.5,9.6,45.503506,-73.52153,3.3,4
3966,87,158,14578.4,9.6,45.50354,-73.52154,2.9,4
3967,86,158,14581.2,9.8,45.50356,-73.521545,2.8,4
3968,86,158,14585,9.8,45.503597,-73.52155,3.8,4
3969,86,158,14587.4,10,45.503628,-73.52156,2.4,4
3970,86,156,14591,10,45.50365,-73.52156,3.6,4
3971,86,157,14594.5,10,45.50368,-73.52157,3.5,4
3972,86,157,14598.1,10,45.50371,-73.521576,3.6,4
3973,86,158,14601.5,10,45.503742,-73.52158,3.4,4
3974,86,159,14604.6,10.2,45.503773,-73.52159,3.1,4
3975,86,160,14608.3,10.2,45.503796,-73.52159,3.7,4
3976,86,160,14612.1,10.2,45.503822,-73.52161,3.8,4
3977,86,160,14614.7,10.2,45.503864,-73.52162,2.601,4
3978,86,160,14618.3,10.2,45.50389,-73.52162,3.6,4
3979,86,160,14622.1,10.2,45.50392,-73.52163,3.8,4
3980,86,162,14625.2,10.2,45.50394,-73.52163,3.101,4
3981,86,163,14628.8,10,45.503975,-73.52163,3.6,4
3982,86,163,14631.7,10,45.50401,-73.521645,2.9,4
3983,86,164,14635.5,10,45.50404,-73.52165,3.8,4
3984,87,165,14638.8,10,45.50407,-73.52166,3.3,4
3985,87,162,14642.2,10,45.504093,-73.521675,3.4,4
3986,86,161,14646.1,10,45.504124,-73.52168,3.899,4
3987,87,161,14649.4,10,45.50416,-73.52169,3.301,4
3988,87,160,14651.9,9.8,45.504192,-73.5217,2.5,4
3989,87,159,14655.9,9.8,45.504223,-73.52171,4,4
3990,87,158,14659.6,9.8,45.504246,-73.52172,3.699,4
3991,87,157,14663.6,9.6,45.504272,-73.52173,4,4
3992,87,157,14666.6,9.6,45.50431,-73.52174,3,4
3993,87,157,14669.8,9.4,45.504333,-73.52175,3.2,4
3994,87,156,14673.6,9.4,45.50436,-73.52176,3.8,4
3995,87,156,14676.6,9.2,45.504383,-73.52177,3,4
3996,87,156,14680.1,9.2,45.50441,-73.521774,3.5,4
3997,87,156,14682.7,9.2,45.50444,-73.52179,2.601,4
3998,87,157,14685.4,9.2,45.504467,-73.5218,2.7,4
3999,87,158,14688.7,9.2,45.50449,-73.521805,3.3,4
4000,87,159,14691.6,9.2,45.50452,-73.52181,2.899,4
4001,87,159,14694.7,9,45.504543,-73.52182,3.101,4
4002,86,159,14697.8,9,45.504578,-73.52183,3.1,4
4003,86,159,14700.2,9,45.504604,-73.52184,2.4,4
4004,86,160,14703.6,9,45.50463,-73.52184,3.399,4
4005,86,161,14706.8,9,45.504658,-73.52185,3.2,4
4006,86,162,14710.4,8.8,45.50469,-73.52186,3.601,4
4007,86,162,14713.4,8.8,45.50472,-73.52188,3,4
4008,86,163,14716.4,8.8,45.50475,-73.52189,3,4
4009,86,165,14720.1,8.8,45.504784,-73.5219,3.699,4
4010,87,166,14723.8,8.8,45.504807,-73.52191,3.7,4
4011,87,166,14727.5,8.8,45.50484,-73.52192,3.7,4
4012,87,166,14730.9,8.8,45.504875,-73.52194,3.4,4
4013,86,165,14734.4,9,45.504906,-73.52195,3.5,4
4014,86,165,14738.5,9,45.504936,-73.52195,4.1,4
4015,86,166,14742.2,9,45.50496,-73.52196,3.7,4
4016,87,166,14746,9,45.504993,-73.521965,3.8,4
4017,87,166,14749.1,9,45.50503,-73.52198,3.1,4
4018,87,167,14752.5,9.2,45.505066,-73.52199,3.4,4
4019,87,167,14756.6,9.2,45.50509,-73.521996,4.1,4
4020,87,168,14760.2,9.2,45.505123,-73.522,3.601,4
4021,87,168,14763.7,9.2,45.505157,-73.52201,3.5,4
4022,87,168,14767.5,9.2,45.50519,-73.522026,3.8,4
4023,87,168,14771,9.2,45.505226,-73.52203,3.5,4
4024,87,169,14775,9.2,45.50525,-73.52204,4,4
4025,86,170,14778.9,9.2,45.505283,-73.52205,3.9,4
4026,86,170,14782.6,9.2,45.50532,-73.52206,3.699,4
4027,86,170,14786.3,9.2,45.505352,-73.52207,3.7,4
4028,87,170,14789.8,9.2,45.505386,-73.52208,3.5,4
4029,87,171,14793.4,9.2,45.505413,-73.52209,3.601,4
4030,87,171,14797.7,9.2,45.505444,-73.522095,4.3,4
4031,86,172,14800.8,9.2,45.505486,-73.5221,3.1,4
4032,86,172,14804.4,9.2,45.50552,-73.52212,3.601,4
4033,87,172,14808.5,9.2,45.50555,-73.522125,4.1,4
4034,87,172,14812.4,9.2,45.50558,-73.52213,3.9,4
4035,87,173,14816.5,9.2,45.50561,-73.52214,4.1,4
4036,87,173,14820.1,9.2,45.505646,-73.522156,3.6,4
4037,87,173,14823.6,9,45.50568,-73.52216,3.5,4
4038,87,173,14827.5,9,45.50571,-73.52217,3.9,4
4039,87,173,14831.2,9,45.50574,-73.52218,3.7,4
4040,87,172,14835.3,9,45.505775,-73.52219,4.1,4
4041,87,172,14838.9,9,45.50581,-73.5222,3.601,4
4042,87,172,14842.1,8.8,45.50584,-73.52221,3.199,4
4043,87,172,14846,8.8,45.50587,-73.52222,3.9,4
4044,87,172,14849.8,8.8,45.505905,-73.522224,3.8,4
4045,86,172,14853.5,8.8,45.505943,-73.52223,3.7,4
4046,86,172,14857.2,8.8,45.505978,-73.52225,3.7,4
4047,86,172,14861.3,8.6,45.50601,-73.522255,4.1,4
4048,87,172,14865.2,8.6,45.506046,-73.52227,3.9,4
4049,87,172,14869,8.6,45.50608,-73.52228,3.8,4
4050,87,172,14873.2,8.6,45.506115,-73.52229,4.2,4
4051,87,172,14877.2,8.6,45.50615,-73.5223,4,4
4052,87,172,14881.1,8.4,45.50618,-73.52231,3.899,4
4053,87,173,14885.3,8.4,45.506214,-73.52232,4.2,4
4054,87,173,14889.3,8.4,45.506245,-73.52233,4,4
4055,87,173,14893.2,8.2,45.50628,-73.52234,3.9,4
4056,87,173,14896.5,8.2,45.506313,-73.522354,3.3,4
4057,87,173,14900.4,8,45.50634,-73.52236,3.9,4
4058,87,172,14904.2,8,45.506367,-73.522385,3.8,4
4059,87,172,14907.5,8,45.5064,-73.52239,3.3,4
4060,87,171,14910.9,8,45.50643,-73.5224,3.4,4
4061,87,172,14914.3,8,45.506466,-73.522415,3.399,4
4062,87,172,14917.9,8,45.506496,-73.52242,3.601,4
4063,87,172,14921.6,8,45.506535,-73.52244,3.699,4
4064,87,172,14925.3,8,45.50657,-73.52245,3.7,4
4065,87,172,14929.3,8,45.506603,-73.52246,4,4
4066,87,172,14933.3,8,45.506638,-73.52248,4,4
4067,87,172,14937.2,8,45.50667,-73.522484,3.9,4
4068,87,172,14941.4,8.2,45.506706,-73.52249,4.2,4
4069,87,172,14945.5,8.2,45.506744,-73.52251,4.1,4
4070,87,170,14949.7,8.4,45.50678,-73.52252,4.2,4
4071,87,169,14953.9,8.4,45.506813,-73.52253,4.2,4
4072,87,169,14958.1,8.6,45.506847,-73.522545,4.199,4
4073,87,167,14962.3,8.6,45.506878,-73.52255,4.2,4
4074,87,167,14966.1,8.6,45.506912,-73.52257,3.8,4
4075,87,168,14969.8,8.6,45.506954,-73.52258,3.7,4
4076,87,168,14973.8,8.8,45.506992,-73.52259,4,4
4077,87,168,14978.4,8.8,45.507027,-73.5226,4.601,4
4078,87,168,14982.7,8.8,45.50706,-73.52261,4.3,4
4079,87,169,14986.7,9,45.50709,-73.52263,4,4
4080,87,170,14990.8,9,45.507122,-73.52264,4.1,4
4081,87,170,14994.5,9.2,45.507156,-73.52264,3.7,4
4082,87,170,14998.2,9.2,45.507195,-73.52265,3.7,4
4083,87,171,15002.1,9.2,45.507236,-73.52266,3.899,4
4084,87,171,15006.4,9.2,45.507275,-73.52267,4.301,4
4085,90,172,15010.6,9.4,45.507317,-73.52268,4.199,4
4086,89,172,15014.6,9.4,45.50735,-73.5227,4,4
4087,88,172,15019,9.6,45.507385,-73.522705,4.4,4
4088,88,172,15023.5,9.6,45.50742,-73.52272,4.5,4
4089,88,172,15027.6,9.8,45.507458,-73.52273,4.1,4
4090,88,172,15032,9.8,45.507492,-73.52274,4.4,4
4091,88,172,15036.7,10,45.50753,-73.52275,4.7,4
4092,88,172,15041.1,10,45.50756,-73.52276,4.399,4
4093,88,172,15045,10,45.507595,-73.52277,3.9,4
4094,88,172,15048.7,10,45.50763,-73.52278,3.7,4
4095,88,172,15052.5,10,45.507664,-73.5228,3.8,4
4096,88,172,15055.9,10,45.507698,-73.522804,3.4,4
4097,88,172,15059.9,10,45.507736,-73.52281,4,4
4098,88,172,15063.9,10,45.50777,-73.52282,4,4
4099,88,172,15068,10,45.507805,-73.522835,4.1,4
4100,88,172,15071.9,10,45.507843,-73.52284,3.9,4
4101,88,173,15076,10,45.507877,-73.52286,4.1,4
4102,88,173,15080,10,45.50791,-73.522865,4,4
4103,88,173,15084.2,10,45.507946,-73.52287,4.2,4
4104,88,173,15088.3,9.8,45.50798,-73.52288,4.1,4
4105,88,173,15092.3,9.8,45.508015,-73.52289,4,4
4106,88,173,15096.4,9.8,45.50805,-73.5229,4.101,4
4107,88,173,15100.3,9.6,45.508083,-73.52292,3.899,4
4108,88,174,15104.1,9.6,45.50812,-73.52293,3.8,4
4109,88,174,15108.1,9.4,45.508156,-73.522934,4,4
4110,88,174,15112,9.4,45.50819,-73.52294,3.9,4
4111,88,174,15115.8,9.2,45.50822,-73.52296,3.8,4
4112,88,174,15119.7,9.2,45.508255,-73.522964,3.9,4
4113,88,174,15123.5,9.2,45.50829,-73.52297,3.8,4
4114,88,174,15127.6,9.2,45.508324,-73.52298,4.1,4
4115,88,175,15131.4,9.2,45.508358,-73.52299,3.801,4
4116,88,175,15135.3,9.2,45.50839,-73.523,3.899,4
4117,88,175,15139,9.2,45.508423,-73.52301,3.7,4
4118,88,175,15142.6,9.2,45.508457,-73.52302,3.6,4
4119,88,175,15146.4,9.2,45.50849,-73.52303,3.801,4
4120,88,175,15150.3,9.2,45.508522,-73.52304,3.899,4
4121,87,175,15154.1,9.2,45.508556,-73.52305,3.8,4
4122,87,175,15157.8,9.2,45.50859,-73.523056,3.7,4
4123,87,175,15161.5,9.2,45.508625,-73.52306,3.7,4
4124,87,175,15165.4,9.4,45.508656,-73.52307,3.9,4
4125,87,175,15169.3,9.4,45.508686,-73.52309,3.899,4
4126,87,175,15172.7,9.4,45.508717,-73.523094,3.4,4
4127,86,175,15176.5,9.4,45.508747,-73.5231,3.8,4
4128,86,175,15179.9,9.4,45.50878,-73.52312,3.4,4
4129,87,175,15183.4,9.4,45.508816,-73.523125,3.5,4
4130,87,175,15187.1,9.4,45.508846,-73.52314,3.699,4
4131,87,175,15190.9,9.4,45.50888,-73.52315,3.801,4
4132,87,175,15194.5,9.4,45.50891,-73.523155,3.6,4
4133,87,174,15198.3,9.4,45.508945,-73.52317,3.8,4
4134,87,174,15201.7,9.4,45.50898,-73.52318,3.4,4
4135,86,174,15205.8,9.4,45.509018,-73.52319,4.1,4
4136,87,174,15209.9,9.4,45.509052,-73.5232,4.101,4
4137,87,174,15214.1,9.4,45.509087,-73.52322,4.199,4
4138,87,174,15218.2,9.4,45.50912,-73.523224,4.101,4
4139,87,174,15222.3,9.4,45.509155,-73.52324,4.1,4
4140,87,174,15226.2,9.6,45.509193,-73.52325,3.9,4
4141,87,173,15230.3,9.6,45.509224,-73.523254,4.1,4
4142,87,173,15234.4,9.6,45.50926,-73.52327,4.101,4
4143,87,173,15238.7,9.6,45.509293,-73.52328,4.3,4
4144,87,173,15242.5,9.6,45.509327,-73.523285,3.8,4
4145,87,173,15246.4,9.6,45.509365,-73.5233,3.9,4
4146,87,173,15250.3,9.6,45.5094,-73.52331,3.899,4
4147,87,173,15254.2,9.6,45.50943,-73.52332,3.9,4
4148,87,173,15258.3,9.6,45.509468,-73.52333,4.1,4
4149,87,174,15262.1,9.6,45.509506,-73.523346,3.8,4
4150,87,174,15266.3,9.6,45.50954,-73.52335,4.2,4
4151,88,174,15270.3,9.6,45.509575,-73.52336,4,4
4152,89,174,15274.6,9.6,45.50961,-73.52338,4.3,4
4153,89,174,15278.5,9.6,45.509644,-73.52339,3.9,4
4154,88,174,15282.5,9.4,45.50968,-73.5234,4,4
4155,88,174,15286.7,9.4,45.509716,-73.52341,4.2,4
4156,89,174,15290.7,9.4,45.50975,-73.523415,4,4
4157,89,174,15294.7,9.4,45.509785,-73.52343,4,4
4158,88,174,15299,9.2,45.50982,-73.52344,4.3,4
4159,88,173,15302.8,9.2,45.509857,-73.52345,3.8,4
4160,88,174,15306.7,9.2,45.50989,-73.52346,3.9,4
4161,88,174,15310.8,9.2,45.50993,-73.52347,4.1,4
4162,89,174,15315,9.2,45.509964,-73.52348,4.2,4
4163,89,175,15319.3,9,45.51,-73.5235,4.3,4
4164,89,175,15323.3,9,45.510033,-73.52351,4,4
4165,89,176,15327.4,8.8,45.510063,-73.52352,4.101,4
4166,90,176,15331.3,8.8,45.510098,-73.52353,3.899,4
4167,94,176,15335.1,8.6,45.51013,-73.52354,3.8,4
4168,94,176,15339.1,8.6,45.510166,-73.523544,4,4
4169,94,175,15343.1,8.6,45.51019,-73.52355,4,4
4170,91,174,15346.6,8.6,45.510223,-73.52356,3.5,4
4171,89,174,15349.5,8.4,45.510258,-73.52357,2.9,4
4172,88,174,15353.1,8.4,45.51029,-73.52357,3.6,4
4173,87,174,15356.5,8.4,45.510323,-73.52358,3.4,4
4174,86,174,15359.9,8.2,45.510357,-73.52359,3.4,4
4175,87,175,15363.7,8.2,45.510387,-73.5236,3.8,4
4176,87,175,15367.2,8.2,45.51042,-73.523605,3.5,4
4177,87,175,15370.9,8,45.510452,-73.52362,3.7,4
4178,86,175,15374.4,8,45.510487,-73.52363,3.5,4
4179,86,175,15377.9,8,45.51052,-73.523636,3.5,4
4180,87,175,15382.3,8,45.51055,-73.52365,4.399,4
4181,87,175,15386,8,45.510586,-73.52366,3.7,4
4182,87,175,15389.8,8,45.51062,-73.52367,3.8,4
4183,87,175,15393.9,7.8,45.51065,-73.523674,4.101,4
4184,87,175,15397.4,7.8,45.51068,-73.52369,3.5,4
4185,87,175,15401.1,7.8,45.51071,-73.5237,3.699,4
4186,87,175,15404.8,7.8,45.510746,-73.523705,3.7,4
4187,87,175,15408.5,7.8,45.510777,-73.52371,3.7,4
4188,87,174,15412.1,7.8,45.51081,-73.52372,3.6,4
4189,87,174,15415.7,7.8,45.510845,-73.52373,3.601,4
4190,87,174,15419.4,7.8,45.510876,-73.52374,3.7,4
4191,87,174,15423.1,7.8,45.51091,-73.52375,3.699,4
4192,87,174,15426.7,7.8,45.51094,-73.52376,3.601,4
4193,87,174,15430.4,7.8,45.510975,-73.52377,3.7,4
4194,87,174,15434.2,7.8,45.511013,-73.52378,3.8,4
4195,87,174,15438.2,7.8,45.511047,-73.52379,4,4
4196,87,174,15442.2,7.8,45.511078,-73.523796,4,4
4197,87,174,15446.2,7.8,45.511112,-73.5238,4,4
4198,87,174,15450,7.8,45.51115,-73.52381,3.8,4
4199,87,174,15453.9,7.8,45.511185,-73.52383,3.9,4
4200,87,174,15458.2,7.8,45.511215,-73.52384,4.3,4
4201,87,174,15462.1,7.8,45.511253,-73.52386,3.899,4
4202,87,174,15466.2,7.8,45.511284,-73.523865,4.101,4
4203,86,174,15470.3,7.8,45.511326,-73.52387,4.1,4
4204,86,174,15474.2,7.8,45.51136,-73.52389,3.9,4
4205,86,174,15478.4,7.8,45.511387,-73.5239,4.2,4
4206,87,174,15482.4,7.8,45.51142,-73.52392,4,4
4207,87,174,15486.3,7.8,45.511444,-73.52393,3.899,4
4208,87,174,15490.1,7.8,45.51148,-73.52396,3.8,4
4209,87,174,15493.3,7.8,45.511505,-73.52397,3.2,4
4210,87,174,15497.3,7.8,45.51154,-73.52398,4,4
4211,87,174,15500.6,8,45.51158,-73.52399,3.3,4
4212,87,174,15504.1,8,45.511612,-73.523994,3.5,4
4213,87,174,15508.2,8,45.511635,-73.524,4.101,4
4214,87,174,15511.5,8,45.511665,-73.52401,3.3,4
4215,87,174,15514.5,8.2,45.511696,-73.524025,3,4
4216,87,174,15518.1,8.2,45.51173,-73.52403,3.6,4
4217,87,174,15521.4,8.4,45.51177,-73.52405,3.301,4
4218,87,174,15525.6,8.4,45.511803,-73.524055,4.199,4
4219,87,173,15529.3,8.6,45.511837,-73.52406,3.7,4
4220,86,173,15533.4,8.6,45.511864,-73.52408,4.101,4
4221,87,173,15537.2,8.8,45.511894,-73.524086,3.8,4
4222,87,173,15540.2,8.8,45.51193,-73.52409,3,4
4223,86,174,15543.8,9,45.51196,-73.52411,3.6,4
4224,86,174,15548.2,9.2,45.511993,-73.52412,4.4,4
4225,87,174,15551.9,9.2,45.512028,-73.524124,3.7,4
4226,87,174,15556,9.2,45.512062,-73.52413,4.1,4
4227,87,174,15559.6,9.4,45.5121,-73.52414,3.6,4
4228,87,174,15563.3,9.6,45.512135,-73.52415,3.7,4
4229,87,174,15567.1,9.6,45.51217,-73.524155,3.8,4
4230,87,174,15571,9.8,45.512203,-73.52417,3.9,4
4231,87,174,15575.3,9.8,45.512238,-73.524185,4.3,4
4232,87,174,15579.5,10,45.51227,-73.524185,4.2,4
4233,87,174,15583.6,10,45.51231,-73.52419,4.1,4
4234,87,174,15587.8,10,45.51234,-73.5242,4.2,4
4235,87,174,15591.8,10,45.512375,-73.52421,4,4
4236,87,174,15595.7,10,45.512405,-73.52422,3.9,4
4237,87,174,15599.5,10.2,45.512436,-73.52423,3.8,4
4238,87,174,15603.2,10.2,45.512466,-73.52424,3.7,4
4239,87,174,15606.8,10.2,45.5125,-73.52425,3.6,4
4240,87,174,15610.2,10.2,45.51253,-73.52426,3.4,4
4241,87,174,15613.8,10.2,45.512566,-73.52427,3.6,4
4242,87,174,15617.3,10.4,45.5126,-73.524284,3.5,4
4243,87,174,15620.9,10.4,45.51263,-73.52429,3.601,4
4244,87,174,15624.5,10.4,45.512665,-73.5243,3.6,4
4245,87,174,15628.3,10.4,45.5127,-73.524315,3.8,4
4246,87,174,15632.1,10.6,45.512733,-73.524315,3.8,4
4247,87,174,15635.8,10.6,45.512764,-73.52433,3.7,4
4248,87,174,15639.8,10.6,45.5128,-73.52434,4,4
4249,87,174,15643.7,10.6,45.512833,-73.52435,3.9,4
4250,87,174,15647.6,10.6,45.512867,-73.52436,3.899,4
4251,87,174,15651.5,10.6,45.512897,-73.52437,3.9,4
4252,87,174,15655.4,10.6,45.51293,-73.524376,3.9,4
4253,87,174,15659.1,10.6,45.51297,-73.52439,3.699,4
4254,87,174,15663,10.6,45.513,-73.5244,3.9,4
4255,87,174,15666.8,10.6,45.513035,-73.524414,3.8,4
4256,87,174,15670.7,10.6,45.51307,-73.52442,3.9,4
4257,87,174,15674.8,10.6,45.513103,-73.52443,4.1,4
4258,87,174,15678.6,10.6,45.513138,-73.52444,3.8,4
4259,87,174,15682.7,10.6,45.513172,-73.524445,4.101,4
4260,87,174,15686.5,10.6,45.513206,-73.52445,3.8,4
4261,87,174,15690.4,10.6,45.51324,-73.52446,3.9,4
4262,87,174,15694.5,10.6,45.513275,-73.52447,4.1,4
4263,87,174,15698.4,10.6,45.513306,-73.524475,3.9,4
4264,87,174,15702,10.6,45.51334,-73.52449,3.6,4
4265,87,174,15705.7,10.6,45.513374,-73.5245,3.7,4
4266,87,174,15709.6,10.6,45.51341,-73.52451,3.899,4
4267,87,174,15713.6,10.6,45.513447,-73.52452,4,4
4268,87,174,15717.5,10.6,45.51348,-73.52453,3.9,4
4269,87,174,15721.5,10.4,45.51351,-73.52454,4,4
4270,87,174,15725.5,10.4,45.51354,-73.52455,4,4
4271,87,174,15729.4,10.4,45.51358,-73.52457,3.9,4
4272,87,174,15732.8,10.4,45.51362,-73.52458,3.399,4
4273,87,174,15737.3,10.4,45.51365,-73.52459,4.5,4
4274,87,174,15741.5,10.4,45.51368,-73.524605,4.2,4
4275,87,174,15745.3,10.4,45.513714,-73.52461,3.8,4
4276,87,174,15748.8,10.4,45.51375,-73.52463,3.5,4
4277,87,174,15752.7,10.4,45.513783,-73.524635,3.9,4
4278,87,174,15756.5,10.4,45.513817,-73.52465,3.8,4
4279,87,174,15760.3,10.4,45.51385,-73.52466,3.8,4
4280,87,174,15764.2,10.6,45.51388,-73.524666,3.9,4
4281,87,174,15768.6,10.6,45.513916,-73.52468,4.399,4
4282,87,174,15772.1,10.6,45.51395,-73.52469,3.5,4
4283,87,174,15775.8,10.6,45.513985,-73.5247,3.7,4
4284,87,174,15779.6,10.6,45.51402,-73.524704,3.8,4
4285,87,174,15783.7,10.6,45.514053,-73.52471,4.101,4
4286,87,174,15787.6,10.6,45.514088,-73.52473,3.899,4
4287,87,174,15791.4,10.6,45.51412,-73.524734,3.801,4
4288,89,174,15795.2,10.6,45.514153,-73.52475,3.8,4
4289,88,174,15799,10.6,45.514187,-73.52476,3.8,4
4290,88,174,15802.8,10.6,45.51422,-73.52477,3.8,4
4291,88,174,15806.9,10.6,45.51425,-73.52478,4.101,4
4292,88,174,15810.7,10.6,45.51429,-73.524796,3.8,4
4293,88,174,15814.5,10.6,45.514324,-73.5248,3.8,4
4294,88,174,15818.4,10.6,45.51436,-73.52482,3.9,4
4295,88,174,15822.4,10.6,45.514393,-73.524826,4,4
4296,88,174,15826.6,10.6,45.514427,-73.52483,4.199,4
4297,88,174,15830.5,10.6,45.51446,-73.52484,3.9,4
4298,88,175,15834.3,10.6,45.51449,-73.52485,3.8,4
4299,88,175,15838.2,10.6,45.514526,-73.52486,3.9,4
4300,88,175,15841.7,10.6,45.514557,-73.52487,3.5,4
4301,88,175,15845.8,10.6,45.51459,-73.52489,4.1,4
4302,88,175,15849.6,10.4,45.51462,-73.524895,3.8,4
4303,88,175,15853.2,10.4,45.514652,-73.52491,3.601,4
4304,88,175,15856.8,10.4,45.514687,-73.52492,3.6,4
4305,88,175,15860.3,10.4,45.51472,-73.524925,3.5,4
4306,88,175,15863.9,10.4,45.514755,-73.52493,3.601,4
4307,88,175,15867.7,10.4,45.514793,-73.52493,3.8,4
4308,88,175,15871.7,10.4,45.51483,-73.52495,4,4
4309,89,175,15876,10.4,45.51487,-73.52496,4.3,4
4310,90,175,15880.2,10.4,45.514908,-73.52498,4.2,4
4311,90,175,15884.6,10.4,45.514942,-73.52498,4.399,4
4312,88,175,15888.9,10.4,45.514977,-73.52499,4.301,4
4313,88,175,15893.2,10.4,45.515015,-73.524994,4.3,4
4314,88,175,15897.6,10.4,45.515053,-73.525,4.399,4
4315,88,175,15902,10.4,45.515087,-73.52502,4.4,4
4316,88,175,15906.4,10.4,45.515118,-73.525024,4.4,4
4317,88,175,15910.5,10.4,45.51515,-73.52503,4.1,4
4318,88,175,15913.9,10.4,45.515182,-73.52503,3.4,4
4319,88,175,15917.5,10.2,45.515217,-73.52505,3.6,4
4320,88,175,15921.2,10.2,45.51525,-73.525055,3.7,4
4321,88,175,15925,10.2,45.515285,-73.52507,3.8,4
4322,88,174,15928.7,10.2,45.51532,-73.525085,3.7,4
4323,88,174,15932.6,10,45.515347,-73.5251,3.899,4
4324,88,174,15936.2,10,45.51538,-73.52511,3.601,4
4325,88,174,15939.5,10,45.515415,-73.525116,3.3,4
4326,88,174,15943.2,10,45.51545,-73.52513,3.7,4
4327,88,174,15947.4,10,45.515488,-73.52514,4.2,4
4328,88,174,15951.4,9.8,45.515522,-73.52515,4,4
4329,88,174,15955.3,9.8,45.515556,-73.52516,3.899,4
4330,88,174,15959.2,9.8,45.515587,-73.52517,3.9,4
4331,88,174,15963.3,9.6,45.51562,-73.52518,4.1,4
4332,88,174,15966.9,9.6,45.515656,-73.52519,3.601,4
4333,88,174,15970.8,9.6,45.51569,-73.5252,3.899,4
4334,88,174,15975.1,9.6,45.515728,-73.52521,4.3,4
4335,88,174,15979.2,9.4,45.515762,-73.52522,4.101,4
4336,88,174,15983.2,9.4,45.515797,-73.52523,4,4
4337,88,174,15987.2,9.4,45.51583,-73.52524,4,4
4338,88,174,15990.9,9.4,45.515865,-73.52525,3.7,4
4339,88,174,15994.8,9.4,45.5159,-73.52527,3.899,4
4340,88,174,15998.9,9.4,45.51593,-73.525276,4.101,4
4341,88,174,16003.1,9.4,45.51597,-73.52528,4.199,4
4342,88,174,16006.9,9.4,45.516,-73.5253,3.801,4
4343,88,174,16010.7,9.6,45.516033,-73.52531,3.8,4
4344,88,174,16014.5,9.6,45.516068,-73.525314,3.8,4
4345,88,174,16018.5,9.6,45.5161,-73.52532,4,4
4346,88,174,16022.3,9.6,45.51614,-73.52534,3.8,4
4347,88,174,16026.1,9.8,45.51617,-73.525345,3.8,4
4348,88,174,16030.1,9.8,45.516205,-73.52535,4,4
4349,88,174,16033.9,9.8,45.516243,-73.52537,3.801,4
4350,88,175,16037.9,9.8,45.516277,-73.525375,4,4
4351,88,175,16042.1,10,45.51631,-73.52539,4.199,4
4352,88,175,16046.1,10,45.516346,-73.5254,4,4
4353,88,175,16050.2,10,45.51638,-73.525406,4.101,4
4354,88,175,16053.9,10,45.51642,-73.52541,3.7,4
4355,88,175,16058.1,10,45.516453,-73.52542,4.199,4
4356,88,175,16062.3,10,45.516487,-73.52543,4.2,4
4357,88,174,16066.1,10,45.51652,-73.52544,3.8,4
4358,88,172,16070.3,10,45.516556,-73.52545,4.2,4
4359,88,171,16074.2,10,45.51659,-73.52546,3.9,4
4360,88,169,16078.1,10,45.516624,-73.52547,3.899,4
4361,88,168,16082,10,45.51666,-73.525475,3.9,4
4362,88,166,16085.9,10,45.516693,-73.52548,3.9,4
4363,88,165,16089.9,10,45.51673,-73.5255,4,4
4364,88,165,16093.7,10,45.516766,-73.525505,3.8,4
4365,88,164,16097.8,10,45.5168,-73.52551,4.1,4
4366,88,164,16101.8,10,45.516834,-73.52553,4,4
4367,88,164,16105.7,9.8,45.51687,-73.525536,3.9,4
4368,88,165,16109.7,9.8,45.516903,-73.52555,4,4
4369,88,165,16113.6,9.6,45.516933,-73.525566,3.899,4
4370,88,166,16117.6,9.6,45.516968,-73.52558,4,4
4371,88,166,16121.6,9.4,45.517002,-73.52559,4,4
4372,88,166,16125.6,9.4,45.517036,-73.52561,4,5
4373,88,166,16129.4,9.4,45.517067,-73.52563,3.801,5
4374,88,167,16133.1,9.2,45.5171,-73.525635,3.699,5
4375,88,167,16137,9.2,45.51713,-73.52565,3.9,5
4376,88,167,16140.9,9.2,45.517162,-73.525665,3.9,6
4377,88,168,16144.6,9.2,45.517197,-73.52567,3.699,6
4378,88,168,16148.2,9.2,45.51723,-73.52569,3.601,7
4379,88,168,16152,9.2,45.51726,-73.52571,3.8,7
4380,88,169,16155.8,9.2,45.51729,-73.525734,3.8,8
4381,88,169,16159.6,9.2,45.517303,-73.52577,3.8,8
4382,88,169,16163.1,9.2,45.517315,-73.52582,3.5,9
4383,87,169,16166.1,9.2,45.517315,-73.52586,3,9
4384,86,170,16169.3,9.4,45.51732,-73.52591,3.2,9
4385,86,170,16172.5,9.4,45.517315,-73.525955,3.2,9
4386,86,171,16176,9.6,45.51731,-73.52601,3.5,10
4387,87,171,16179.1,9.6,45.517303,-73.52606,3.1,10
4388,87,172,16182.3,9.6,45.517292,-73.52611,3.2,9
4389,87,172,16185.7,9.8,45.517277,-73.52617,3.4,10
4390,87,173,16189.9,9.8,45.51726,-73.52624,4.2,10
4391,87,173,16194.8,10,45.51725,-73.52628,4.899,10
4392,86,173,16200.4,10,45.517242,-73.52633,5.601,10
4393,86,172,16204.8,10,45.517235,-73.526375,4.399,10
4394,87,172,16209.1,10,45.517227,-73.52641,4.3,10
4395,87,172,16213.3,10,45.51722,-73.52646,4.2,10
4396,87,172,16217.5,10.2,45.517212,-73.526505,4.2,10
4397,87,172,16221.4,10.2,45.5172,-73.52656,3.9,10
4398,86,172,16225.1,10.2,45.517197,-73.5266,3.699,10
4399,86,171,16228.9,10.4,45.517185,-73.52665,3.801,10
4400,86,171,16232,10.4,45.51718,-73.526695,3.1,10
4401,86,170,16234.9,10.6,45.517174,-73.52674,2.9,10
4402,86,170,16238.3,10.6,45.517166,-73.52679,3.399,10
4403,86,170,16242.1,10.6,45.51716,-73.52683,3.8,10
4404,84,170,16246,10.6,45.51715,-73.52687,3.9,10
4405,84,169,16249.7,10.6,45.517143,-73.52691,3.7,10
4406,84,169,16253.2,10.6,45.517143,-73.52693,3.5,10
4407,82,168,16256.1,10.6,45.517136,-73.526955,2.899,10
4408,81,168,16258.1,10.6,45.517136,-73.52697,2,10
4409,81,169,16259.3,10.6,45.517136,-73.526985,1.2,11